age,class,coninc,degree,educ,fechld,gunlaw,happy,satfin,sex,sibs,tvhours,wrkfull,healthre,female,maritals,healthy,vistzoo
47,3,163843.847,3,16,1,1,2,1,1,2,1,1,3,0,1,1,3
72,3,59895,3,16,,1,1,2,1,3,,0,3,0,1,1,
43,3,163843.847,1,12,3,2,2,1,2,3,1,0,3,1,1,1,1
55,3,163843.847,4,18,,1,1,1,2,2,,0,4,1,1,1,
50,3,163843.847,1,14,2,1,2,3,1,2,2,1,1,0,1,0,1
23,2,23595,1,11,,1,1,2,2,6,,0,3,1,1,1,
45,1,49005,1,12,2,1,2,3,1,5,2,1,3,0,1,1,1
71,3,49005,2,14,,1,2,2,1,1,,0,3,0,0,1,
86,3,363,1,12,2,1,3,1,2,4,5,0,1,1,0,0,0
33,2,39930,1,13,,1,2,3,2,1,,1,4,1,0,1,
56,2,39930,1,13,,1,1,2,1,3,,0,4,0,1,1,
43,1,19965,1,13,2,1,2,3,1,0,3,1,3,0,0,1,0
32,2,32670,0,11,,2,2,2,2,4,,0,4,1,0,1,
37,2,49005,1,12,,1,1,3,2,2,,0,4,1,1,1,
25,2,15427.5,2,15,,1,2,2,2,2,,1,2,1,0,0,
71,3,,4,19,2,1,1,,1,1,3,0,4,0,1,1,2
75,3,23595,1,12,,1,3,2,2,7,,0,3,1,0,1,
68,3,49005,1,12,,1,2,1,2,3,,1,3,1,1,1,
55,3,116160,1,12,2,2,2,1,1,7,1,1,3,0,1,1,0
46,2,59895,1,14,,1,2,3,1,0,,0,2,0,1,0,
58,2,32670,1,12,4,1,3,3,2,0,2,0,2,1,0,0,0
43,2,87120,3,16,1,1,2,2,2,6,2,1,3,1,1,1,2
58,3,87120,3,16,,1,1,1,2,1,,1,4,1,0,1,
40,2,32670,1,12,,1,2,3,2,2,,1,3,1,0,1,
44,2,27225,1,12,3,1,3,3,2,9,3,0,3,1,1,1,0
36,3,23595,4,20,,1,3,2,2,1,,1,3,1,0,1,
28,4,59895,1,15,,1,1,1,1,8,,1,2,0,0,0,
33,3,39930,4,16,1,1,3,1,1,1,0,1,3,0,1,1,0
23,3,23595,3,17,,1,2,1,1,1,,0,4,0,0,1,
70,3,59895,1,12,1,1,2,2,2,1,2,0,4,1,1,1,2
41,4,163843.847,4,19,,1,1,1,1,1,,1,3,0,1,1,
53,3,,3,16,4,1,1,1,2,5,0,0,4,1,1,1,0
59,,6534,4,20,,1,2,3,2,1,,1,4,1,0,1,
35,1,9982.5,0,10,2,1,2,3,2,4,2,0,3,1,0,1,0
26,3,15427.5,1,13,,1,2,2,1,2,,1,4,0,0,1,
51,1,6534,1,12,,,,2,2,9,,0,2,1,0,0,
27,1,1452,1,11,3,1,2,3,2,2,0,0,3,1,0,1,0
30,2,23595,0,10,,1,2,2,1,5,,1,2,0,0,0,
39,3,363,0,10,1,1,3,2,2,0,12,0,2,1,0,0,9
60,3,,0,11,3,2,2,2,2,10,4,0,2,1,0,0,1
74,4,13612.5,0,6,3,1,3,3,2,8,10,0,2,1,0,0,1
74,1,9982.5,0,10,2,1,3,3,2,8,9,0,2,1,0,0,0
57,2,72600,3,14,1,1,1,1,2,4,1,1,3,1,0,1,1
35,2,59895,3,18,1,1,1,2,2,1,0,0,4,1,1,1,5
36,3,39930,4,20,1,1,2,2,2,2,0,0,4,1,0,1,0
37,3,49005,4,18,1,1,2,2,2,1,0,1,3,1,0,1,0
78,3,163843.847,4,19,,1,1,1,2,1,,0,4,1,0,1,
41,2,,1,12,,1,1,2,1,2,,1,3,0,0,1,
42,3,163843.847,2,14,3,1,2,1,1,0,1,1,3,0,1,1,1
35,2,49005,2,14,,1,3,3,2,1,,1,4,1,0,1,
33,2,116160,3,16,3,1,1,2,1,2,2,1,3,0,1,1,0
44,3,116160,1,12,,1,1,2,1,2,,1,3,0,0,1,
41,2,49005,2,16,,1,2,3,1,1,,1,3,0,1,1,
52,3,32670,1,12,1,1,2,3,1,0,2,1,3,0,0,1,2
41,2,17242.5,1,13,3,1,2,2,2,3,1,1,2,1,0,0,1
41,2,17242.5,1,12,,1,1,3,2,10,,1,3,1,0,1,
68,2,,1,12,,1,2,3,1,3,,0,2,0,0,0,
72,3,101640,4,20,,1,1,2,1,5,,0,2,0,1,0,
68,1,19965,4,19,2,1,2,1,1,5,0,0,3,0,0,1,0
50,3,72600,3,16,,1,2,2,1,1,,1,3,0,0,1,
40,3,101640,4,17,,1,2,2,1,2,,1,3,0,0,1,
33,2,27225,4,20,,1,2,2,1,2,,1,3,0,0,1,
27,3,163843.847,3,16,,1,2,1,1,0,,0,3,0,0,1,
58,2,39930,3,16,,1,2,3,2,9,,1,3,1,1,1,
66,1,1452,1,12,2,1,2,3,1,3,2,0,2,0,0,0,0
89,3,,1,12,,1,2,2,2,3,,0,4,1,0,1,
29,2,49005,2,14,,1,2,3,2,2,,1,2,1,1,0,
89,3,9982.5,0,8,2,1,2,3,2,11,5,0,2,1,0,0,0
78,2,23595,1,12,,1,2,1,2,1,,0,3,1,0,1,
52,2,8167.5,1,12,3,1,3,2,2,6,4,0,2,1,0,0,2
50,2,9982.5,1,11,2,2,2,2,1,1,2,0,2,0,0,0,0
25,2,27225,3,16,,2,1,1,2,1,,0,3,1,1,1,
37,3,101640,3,16,3,1,2,1,1,3,0,1,2,0,1,0,3
54,2,,3,16,,1,1,3,2,2,,1,4,1,0,1,
52,2,,2,14,1,1,2,3,1,6,0,1,3,0,1,1,
29,2,363,3,17,,1,2,2,2,1,,0,3,1,1,1,
75,3,87120,3,19,,1,1,3,2,1,,0,3,1,1,1,
81,3,59895,1,13,,1,1,2,1,0,,0,3,0,1,1,
55,3,163843.847,4,18,3,1,1,2,2,4,1,1,4,1,1,1,1
52,2,59895,1,15,,1,1,2,2,9,,0,4,1,0,1,
33,2,,3,16,,1,2,3,2,3,,0,4,1,0,1,
56,3,163843.847,1,12,2,1,2,2,1,1,2,1,2,0,0,0,2
49,3,101640,1,12,1,1,1,1,2,2,3,1,4,1,1,1,0
26,3,163843.847,3,16,,1,1,1,1,1,,1,3,0,0,1,
36,2,87120,4,20,3,1,2,3,1,1,2,1,3,0,1,1,1
27,2,49005,2,16,1,1,2,3,2,6,2,1,4,1,0,1,1
60,4,9982.5,1,14,,1,2,3,2,5,,0,3,1,0,1,
48,2,39930,1,12,3,1,1,2,1,1,4,1,1,0,0,0,0
47,2,39930,1,12,,1,3,2,2,8,,1,1,1,1,0,
36,2,,2,14,2,1,2,2,2,5,3,1,3,1,0,1,1
64,2,9982.5,1,12,,1,3,2,2,6,,0,2,1,0,0,
38,3,116160,3,16,1,1,1,2,2,4,2,1,4,1,0,1,1
62,2,49005,1,12,,1,2,2,1,3,,0,3,0,0,1,
62,2,72600,3,16,2,2,1,3,2,1,2,0,1,1,1,0,0
65,3,,2,14,,1,1,2,2,2,,0,3,1,1,1,
60,3,,1,14,2,1,2,3,1,3,2,1,2,0,1,0,0
47,2,1452,3,16,,1,2,3,2,1,,0,3,1,0,1,
43,4,163843.847,3,16,,1,2,2,2,2,,0,3,1,1,1,
30,3,27225,3,16,1,2,2,2,1,1,3,1,3,0,0,1,2
39,3,163843.847,4,18,,1,2,1,1,1,,1,4,0,1,1,
52,2,,1,12,,1,1,2,2,4,,0,3,1,1,1,
61,1,13612.5,4,18,1,1,3,3,2,3,2,0,2,1,0,0,0
58,2,59895,1,12,,1,2,2,1,4,,1,3,0,1,1,
31,3,3993,2,14,3,1,1,2,1,1,2,0,4,0,0,1,1
52,3,32670,3,16,,1,2,3,2,11,,0,3,1,1,1,
46,2,32670,2,16,2,2,1,1,2,6,1,0,3,1,1,1,5
54,2,72600,0,12,3,1,1,2,1,11,3,1,4,0,0,1,1
33,3,59895,4,18,3,1,1,2,1,2,1,1,3,0,1,1,4
61,1,9982.5,1,12,,1,3,3,2,1,,0,2,1,0,0,
66,1,,0,11,2,1,3,3,2,11,1,0,1,1,0,0,1
41,2,5445,1,12,,1,3,3,2,2,,0,1,1,0,0,
50,2,59895,1,12,,1,2,2,1,1,,1,4,0,0,1,
75,2,,1,14,,2,3,3,1,5,,0,3,0,1,1,
27,1,13612.5,0,14,,1,2,3,1,1,,1,2,0,0,0,
55,3,72600,4,20,,1,2,2,1,1,,1,4,0,0,1,
51,2,49005,1,14,3,1,2,3,2,1,2,1,3,1,0,1,6
56,3,101640,3,16,2,1,1,2,1,3,2,0,4,0,0,1,3
41,3,163843.847,4,18,,1,2,1,2,1,,0,2,1,1,0,
67,2,32670,1,14,,1,2,3,1,4,,0,3,0,0,1,
38,2,8167.5,1,12,1,1,2,3,2,3,3,0,2,1,0,0,0
76,3,27225,4,16,,1,3,2,2,4,,0,2,1,0,0,
66,3,11797.5,2,14,3,2,3,2,1,2,4,0,1,0,0,0,2
84,2,8167.5,3,17,,1,2,1,2,4,,0,2,1,0,0,
46,2,8167.5,3,16,,2,2,2,1,6,,1,3,0,0,1,
67,3,49005,4,18,,1,2,1,1,1,,0,4,0,1,1,
34,2,59895,1,12,2,1,2,2,1,3,3,1,3,0,1,1,1
29,2,363,0,8,3,1,3,2,2,4,2,0,2,1,1,0,0
39,2,15427.5,1,14,,1,2,2,2,4,,0,3,1,0,1,
51,2,19965,0,2,,1,1,2,2,6,,0,3,1,0,1,
40,2,49005,0,8,1,1,1,2,2,6,2,1,2,1,1,0,0
32,2,17242.5,0,9,2,1,2,3,1,1,3,1,3,0,0,1,1
79,3,17242.5,1,13,,2,1,2,2,6,,0,3,1,0,1,
49,3,101640,3,16,2,1,1,1,1,4,3,1,3,0,0,1,2
22,2,59895,2,15,1,1,2,2,1,3,2,0,3,0,0,1,1
30,3,72600,3,16,2,1,2,3,1,4,4,1,4,0,1,1,3
47,3,163843.847,1,15,3,1,2,1,1,2,2,1,3,0,1,1,2
37,3,49005,3,16,,1,1,2,1,3,,1,3,0,0,1,
38,2,101640,3,16,1,1,2,2,2,1,1,1,3,1,0,1,0
46,3,163843.847,4,20,2,1,3,2,1,1,0,0,1,0,1,0,0
21,3,49005,1,15,2,1,2,2,1,1,1,0,3,0,0,1,0
43,3,,1,12,3,2,1,,1,1,5,0,4,0,1,1,1
45,3,163843.847,3,16,,1,1,3,2,1,,0,4,1,1,1,
77,3,49005,1,12,,1,2,1,1,9,,0,3,0,1,1,
45,2,32670,0,12,1,2,2,2,2,5,2,1,3,1,0,1,0
47,2,59895,1,13,1,1,1,1,1,3,2,1,2,0,0,0,1
41,3,163843.847,3,16,,1,1,1,1,2,,1,2,0,1,0,
50,2,49005,0,6,,1,1,3,1,7,,1,4,0,1,1,
25,2,59895,1,17,,1,2,3,1,1,,1,2,0,0,0,
45,3,163843.847,4,18,,1,1,1,1,0,,1,3,0,1,1,
48,3,49005,1,12,,1,1,2,2,6,2,1,3,1,1,1,5
25,2,39930,4,17,,1,2,2,1,1,,1,3,0,0,1,
33,2,39930,3,18,,1,2,2,2,7,,1,2,1,0,0,
70,3,27225,1,12,1,1,2,1,2,5,3,0,4,1,0,1,0
66,3,163843.847,3,16,,1,1,1,2,1,,0,3,1,1,1,
81,3,87120,4,19,,1,2,1,1,2,,0,3,0,1,1,
48,2,101640,3,19,1,1,3,2,2,3,2,1,3,1,0,1,0
62,2,49005,3,18,,1,2,2,2,4,,0,3,1,1,1,
43,2,59895,1,12,,1,2,3,1,1,,1,2,0,1,0,
34,3,39930,1,16,1,1,1,1,2,3,0,1,4,1,0,1,2
32,3,49005,1,14,2,1,1,2,1,1,2,1,2,0,0,0,3
51,3,49005,1,12,1,2,1,1,1,8,4,0,3,0,1,1,0
44,4,101640,4,17,1,,2,1,2,1,4,0,4,1,1,1,0
36,,72600,1,13,,1,2,2,2,1,,0,3,1,1,1,
35,2,163843.847,3,16,,1,2,1,2,3,,1,4,1,1,1,
36,1,59895,3,18,,1,1,3,1,1,,0,3,0,0,1,
19,2,,1,12,,2,3,1,1,6,,0,4,0,0,1,
30,2,39930,3,16,2,1,1,2,2,5,1,1,3,1,0,1,0
62,3,59895,1,13,2,2,1,3,1,3,3,0,1,0,1,0,1
35,3,59895,4,20,,2,2,1,2,1,,1,2,1,1,0,
41,2,,1,14,2,1,1,2,1,2,2,1,4,0,0,1,6
62,3,49005,4,20,2,1,2,3,2,2,2,0,3,1,0,1,3
20,2,363,1,13,,1,2,2,1,1,,1,4,0,0,1,
30,2,2541,1,13,1,2,1,3,2,3,2,0,3,1,0,1,1
47,,59895,1,12,2,2,2,3,2,1,4,0,2,1,0,0,1
44,2,72600,0,11,,1,2,1,1,8,,1,3,0,1,1,
44,2,49005,4,18,,1,1,3,2,2,,0,3,1,1,1,
62,3,72600,3,16,1,1,2,1,2,2,2,0,3,1,0,1,0
69,2,23595,1,13,2,1,1,2,2,1,7,0,3,1,0,1,1
48,3,,1,15,,1,2,3,1,2,,1,2,0,0,0,
59,3,27225,3,16,,1,1,2,1,2,,1,4,0,1,1,
54,3,23595,0,9,2,1,1,2,2,5,4,0,2,1,1,0,1
49,2,13612.5,1,14,1,1,2,3,2,6,3,0,3,1,0,1,3
47,2,,1,12,,1,2,1,2,6,,0,4,1,1,1,
83,3,,1,12,2,1,2,1,2,3,8,0,4,1,0,1,0
38,2,59895,2,14,,1,2,2,1,2,,1,3,0,0,1,
28,2,49005,1,14,,1,2,2,1,4,,1,3,0,1,1,
73,2,116160,1,12,3,1,2,1,2,6,3,1,3,1,0,1,0
31,3,72600,4,17,2,1,2,2,2,2,2,1,4,1,0,1,1
50,3,163843.847,3,19,2,2,1,1,1,1,1,1,3,0,1,1,2
67,3,8167.5,1,11,3,1,1,1,2,5,2,0,1,1,0,0,0
41,3,19965,0,12,,1,1,1,1,8,,1,3,0,1,1,
60,3,59895,3,19,1,1,2,2,2,2,5,0,4,1,1,1,1
36,3,72600,3,16,,1,1,1,2,6,,0,3,1,1,1,
39,3,163843.847,3,16,1,1,2,2,2,4,2,1,3,1,1,1,1
23,3,17242.5,1,13,1,1,2,1,2,7,15,0,3,1,0,1,1
63,1,8167.5,0,9,,1,3,3,2,3,,0,1,1,0,0,
40,3,17242.5,1,13,2,1,1,1,1,4,0,1,3,0,0,1,0
40,2,72600,1,14,1,1,2,2,1,2,3,1,4,0,1,1,1
30,3,116160,4,19,1,1,1,1,2,2,2,1,3,1,1,1,1
60,3,72600,1,12,,1,1,1,1,6,,1,2,0,0,0,
69,3,49005,3,16,,1,2,1,1,9,,0,3,0,0,1,
43,2,49005,1,12,4,2,1,1,1,2,3,1,4,0,0,1,1
28,3,32670,1,12,2,2,2,3,1,5,4,0,3,0,0,1,1
69,3,101640,3,16,1,1,2,3,2,2,2,0,2,1,1,0,0
27,1,2541,0,8,,1,2,3,2,12,,0,4,1,0,1,
62,2,32670,2,14,3,1,2,3,2,5,3,0,3,1,1,1,1
74,1,13612.5,1,14,1,1,3,3,1,7,5,0,1,0,0,0,0
32,2,363,1,12,,1,3,2,2,3,,0,3,1,0,1,
68,1,32670,1,12,2,1,2,2,2,6,6,0,3,1,1,1,0
39,2,32670,1,12,,1,2,2,1,2,,1,3,0,0,1,
21,2,32670,1,12,1,1,1,3,2,10,0,0,2,1,0,0,0
52,3,163843.847,3,16,2,1,1,1,2,3,1,1,4,1,0,1,1
46,4,163843.847,3,16,2,1,2,1,1,1,1,1,3,0,1,1,1
56,3,163843.847,1,12,,1,2,1,1,1,,0,4,0,1,1,
42,2,49005,1,13,3,2,1,3,1,4,3,1,1,0,1,0,1
35,2,49005,1,9,,1,3,1,1,13,,1,2,0,1,0,
58,3,116160,3,17,,2,1,1,1,3,,1,3,0,1,1,
59,4,163843.847,3,16,3,1,1,1,2,3,4,0,3,1,1,1,3
44,3,72600,4,18,,1,1,1,1,2,,1,3,0,1,1,
62,3,163843.847,4,18,,2,1,1,2,2,,1,3,1,1,1,
51,3,32670,3,16,,1,2,2,2,1,,1,4,1,0,1,
40,2,39930,1,15,1,2,3,3,2,3,4,1,1,1,0,0,1
52,2,39930,1,12,3,2,2,2,1,1,1,1,4,0,0,1,0
52,2,27225,1,14,,1,1,2,2,4,,0,2,1,1,0,
36,3,163843.847,4,18,2,1,1,1,2,1,1,0,4,1,1,1,2
56,2,59895,1,12,3,2,2,2,1,4,2,1,3,0,1,1,0
64,2,49005,1,13,,1,1,1,2,1,,0,4,1,1,1,
62,2,87120,4,19,,1,2,2,2,1,,1,3,1,1,1,
35,3,59895,3,16,,1,2,2,2,4,,0,4,1,1,1,
36,3,49005,2,14,,1,2,2,2,3,,1,3,1,0,1,
62,4,163843.847,1,13,2,1,1,1,2,2,2,1,3,1,0,1,1
30,3,87120,1,16,,1,2,1,1,1,,1,4,0,1,1,
79,3,101640,4,16,2,1,2,1,1,1,1,0,4,0,1,1,1
60,3,101640,1,12,,1,2,1,2,0,,1,3,1,1,1,
51,3,163843.847,4,18,2,,1,1,1,5,1,1,3,0,1,1,2
59,1,72600,0,9,4,1,2,3,1,2,2,0,2,0,1,0,0
53,3,,1,13,4,2,1,1,2,3,0,1,3,1,1,1,1
47,2,19965,1,13,,2,1,1,1,1,,1,3,0,1,1,
41,4,163843.847,4,20,,1,1,2,2,3,,1,4,1,1,1,
64,3,,1,12,,2,1,2,1,2,,0,2,0,1,0,
80,3,59895,4,18,3,1,2,2,2,5,2,0,3,1,1,1,1
29,2,39930,3,16,4,1,3,3,2,2,6,0,1,1,1,0,1
64,3,9982.5,1,12,2,1,2,2,1,3,2,0,3,0,0,1,2
40,1,49005,1,13,,1,2,3,2,4,,1,3,1,0,1,
56,2,72600,3,16,3,1,2,3,2,6,2,1,1,1,1,0,0
71,3,,3,16,,1,2,1,2,4,,0,3,1,1,1,
74,3,72600,3,16,,1,1,1,2,2,,0,3,1,1,1,
65,2,19965,3,16,,1,1,2,2,6,,0,3,1,0,1,
41,1,23595,1,12,,1,2,3,2,8,,0,1,1,1,0,
38,3,87120,4,20,,2,2,2,1,4,,1,3,0,1,1,
25,2,23595,3,16,,1,1,1,1,1,,0,4,0,0,1,
25,3,116160,4,18,2,1,2,1,2,1,1,1,4,1,0,1,4
26,2,19965,1,16,,1,3,3,2,6,,0,3,1,0,1,
34,3,101640,4,18,2,1,1,2,2,2,0,1,4,1,1,1,3
36,3,72600,3,16,2,1,2,3,1,1,3,1,3,0,0,1,0
59,2,72600,0,11,,1,2,2,1,3,,1,4,0,1,1,
45,2,116160,2,14,,1,2,2,2,3,,1,4,1,1,1,
44,3,163843.847,4,16,1,1,2,1,1,1,1,1,3,0,1,1,5
66,3,72600,1,12,,1,1,1,2,1,,0,4,1,1,1,
43,4,163843.847,3,16,1,1,1,1,2,1,0,1,4,1,1,1,9
44,3,32670,4,18,1,1,3,3,1,2,2,1,2,0,0,0,0
37,3,59895,3,20,,1,2,3,1,2,,1,4,0,1,1,
48,3,72600,4,18,3,2,2,2,1,3,1,1,4,0,1,1,0
34,2,17242.5,1,12,1,,2,2,2,3,2,1,3,1,0,1,1
25,3,39930,1,12,,1,2,1,1,1,,1,3,0,1,1,
44,2,32670,1,13,2,2,2,3,2,6,1,1,3,1,0,1,0
63,2,,0,10,,1,1,3,2,6,,0,2,1,1,0,
64,2,15427.5,1,14,2,2,3,2,2,9,12,0,2,1,0,0,0
31,2,39930,0,10,4,1,1,3,2,4,3,1,4,1,1,1,0
53,4,163843.847,4,20,,1,1,1,2,5,,1,4,1,1,1,
53,3,,3,16,,1,2,1,2,2,,0,4,1,1,1,
59,3,163843.847,4,18,2,1,2,1,1,3,2,1,3,0,1,1,1
47,3,163843.847,4,18,2,1,2,2,1,1,1,1,3,0,1,1,4
52,2,39930,0,10,3,1,3,2,1,6,3,1,1,0,1,0,1
26,2,49005,0,11,,1,2,2,2,4,,1,3,1,0,1,
25,2,23595,1,11,,1,3,2,2,1,,0,2,1,0,0,
44,2,49005,0,6,,1,1,2,1,6,,1,4,0,1,1,
29,2,32670,1,13,,2,2,1,1,1,,1,4,0,0,1,
61,3,,1,13,3,2,1,3,1,2,4,0,3,0,1,1,0
66,2,72600,1,14,3,2,2,2,1,3,3,0,3,0,0,1,0
26,3,11797.5,3,16,1,2,2,1,1,3,0,1,4,0,0,1,0
29,3,59895,3,16,,1,1,2,2,1,,1,4,1,0,1,
30,3,23595,3,20,,1,1,2,1,1,,0,4,0,0,1,
56,2,19965,1,12,,1,2,3,1,6,,0,2,0,1,0,
28,2,49005,1,12,2,1,2,2,1,6,8,1,3,0,0,1,0
65,3,39930,1,12,2,1,2,2,1,7,6,0,1,0,0,0,0
49,4,163843.847,3,16,1,1,1,1,1,2,1,1,4,0,1,1,1
30,1,19965,1,14,2,1,2,2,2,2,6,0,2,1,1,0,2
67,3,59895,1,12,,1,2,1,1,3,,1,2,0,1,0,
65,3,19965,4,17,3,1,2,1,1,2,0,0,3,0,0,1,0
63,1,8167.5,1,12,,1,3,2,2,4,,0,4,1,0,1,
34,4,163843.847,4,17,1,1,1,2,2,1,1,1,3,1,1,1,2
37,3,163843.847,3,16,,1,1,2,2,4,,1,4,1,1,1,
81,3,,1,12,4,1,1,1,1,3,5,0,3,0,1,1,0
58,3,163843.847,4,20,,1,2,3,2,3,,1,4,1,1,1,
37,3,163843.847,4,20,,1,2,3,2,2,,1,4,1,0,1,
31,3,49005,3,19,,2,1,1,1,1,,1,4,0,0,1,
57,3,101640,4,18,2,1,2,2,2,6,2,1,3,1,0,1,0
59,3,163843.847,4,20,,1,2,1,2,1,,1,4,1,1,1,
59,4,163843.847,3,16,1,1,2,1,1,2,4,1,3,0,1,1,1
59,3,163843.847,4,18,,1,2,1,2,7,,1,4,1,1,1,
29,2,32670,1,13,2,1,2,2,1,2,2,1,3,0,0,1,1
28,2,87120,4,16,,1,1,2,1,2,,1,3,0,1,1,
71,2,23595,0,9,2,1,2,3,2,4,8,0,1,1,0,0,0
61,1,32670,1,12,2,1,2,3,2,6,5,0,3,1,0,1,1
34,3,8167.5,4,19,,1,2,2,2,1,,1,3,1,0,1,
48,2,6534,1,14,1,1,3,3,1,2,1,0,3,0,0,1,0
27,3,32670,3,16,,1,2,1,1,2,,1,4,0,0,1,
26,2,59895,3,16,,2,1,2,2,1,,1,3,1,0,1,
31,2,23595,1,12,2,2,2,2,2,3,2,1,3,1,1,1,1
44,3,116160,4,18,,1,2,3,2,4,,0,3,1,1,1,
73,3,87120,4,20,2,1,2,1,1,1,2,1,3,0,0,1,0
37,2,163843.847,1,12,,2,2,1,1,1,,1,3,0,1,1,
82,3,59895,2,14,,1,2,2,2,4,,0,2,1,0,0,
29,2,32670,1,12,,1,1,1,1,3,,1,3,0,0,1,
32,2,13612.5,4,20,,1,3,3,1,0,,0,3,0,0,1,
50,2,23595,1,12,2,1,1,2,1,8,2,1,3,0,0,1,0
34,3,59895,1,13,1,1,1,2,1,2,2,1,4,0,1,1,1
58,2,72600,1,12,,1,1,2,2,3,,0,3,1,1,1,
58,2,39930,1,13,3,2,2,2,2,8,2,1,2,1,0,0,2
22,3,23595,2,15,,1,3,3,1,2,,0,2,0,0,0,
24,1,13612.5,1,14,,2,2,2,2,4,,0,3,1,0,1,
32,1,,1,12,,2,2,3,2,2,,0,2,1,0,0,
20,2,72600,1,12,3,2,1,2,1,4,2,1,3,0,0,1,1
54,3,87120,3,16,,1,2,2,2,1,,1,4,1,1,1,
55,3,163843.847,3,16,1,1,1,1,2,1,1,1,2,1,1,0,2
42,2,87120,3,16,,1,2,2,2,2,,1,2,1,0,0,
68,2,39930,3,18,2,1,1,1,2,2,3,0,4,1,1,1,0
59,2,87120,2,14,,1,1,2,2,2,,0,3,1,1,1,
32,2,72600,1,12,1,2,2,1,1,1,0,1,3,0,0,1,0
51,3,116160,1,13,,1,2,1,1,4,,1,3,0,0,1,
34,3,59895,4,19,2,1,1,2,2,2,2,1,4,1,1,1,0
24,2,13612.5,1,15,,2,3,1,1,3,,0,3,0,0,1,
45,2,49005,2,17,1,1,2,3,2,1,3,0,3,1,1,1,1
58,3,72600,1,13,2,1,2,1,1,2,3,1,1,0,1,0,0
47,2,87120,4,20,1,1,1,3,2,1,0,1,4,1,1,1,0
50,4,163843.847,4,18,1,1,1,1,1,1,1,1,3,0,1,1,3
33,4,163843.847,4,16,1,1,2,2,2,1,2,1,3,1,1,1,9
23,2,23595,1,14,3,1,2,3,2,1,2,0,4,1,0,1,0
33,3,163843.847,3,18,,1,2,1,1,0,,1,2,0,1,0,
51,3,87120,3,16,2,1,3,2,2,3,2,0,3,1,1,1,0
52,3,101640,3,16,1,1,2,3,2,4,2,1,4,1,0,1,1
69,4,163843.847,4,20,,1,1,1,1,3,,1,4,0,1,1,
74,3,87120,3,17,,1,2,2,2,1,,0,3,1,0,1,
76,3,72600,4,17,2,1,2,1,2,0,0,0,2,1,0,0,0
47,2,49005,0,6,,1,2,3,1,5,,1,2,0,1,0,
31,1,23595,1,12,,1,2,1,2,0,,0,3,1,1,1,
87,2,,0,12,3,1,2,1,2,5,8,0,3,1,0,1,0
58,3,,3,18,,1,2,2,2,4,,1,3,1,1,1,
27,3,15427.5,4,20,,,3,1,2,2,,1,3,1,0,1,
32,2,49005,1,13,,1,2,2,2,2,,1,2,1,0,0,
24,2,101640,1,12,3,2,2,2,1,2,1,1,4,0,0,1,0
19,2,19965,1,12,,1,3,1,2,2,,1,4,1,0,1,
41,1,1452,0,7,,2,3,2,1,1,,0,3,0,0,1,
33,3,101640,4,16,,1,2,2,1,2,,1,3,0,0,1,
48,3,49005,1,10,4,1,2,2,1,1,1,1,2,0,1,0,1
47,2,87120,1,12,1,1,2,2,2,7,2,1,3,1,0,1,0
72,3,72600,1,15,1,1,3,3,2,2,3,0,3,1,0,1,1
60,3,101640,4,19,,2,2,1,2,3,,0,4,1,1,1,
45,2,5445,0,6,,2,2,1,2,11,,0,3,1,1,1,
70,3,,4,20,,1,3,1,2,1,,0,2,1,0,0,
79,2,,1,12,2,1,1,1,2,3,3,0,4,1,1,1,0
37,3,27225,1,14,,1,3,3,2,3,,1,3,1,0,1,
39,3,49005,3,17,,1,1,2,2,2,,0,4,1,1,1,
57,2,32670,1,12,2,1,2,3,2,1,6,0,2,1,1,0,0
55,2,49005,1,15,,2,1,2,2,8,,1,4,1,0,1,
28,2,39930,1,14,3,1,1,3,1,4,2,1,3,0,0,1,1
64,2,32670,0,9,,1,2,3,2,3,,0,2,1,1,0,
63,2,72600,3,16,2,2,1,2,1,1,10,0,3,0,1,1,1
47,3,59895,3,16,2,1,2,1,2,4,1,1,3,1,0,1,0
38,2,72600,1,14,,1,3,3,1,4,,0,2,0,0,0,
49,3,116160,4,18,,2,2,2,2,3,,0,3,1,1,1,
74,2,11797.5,1,12,,1,3,3,2,2,,0,1,1,0,0,
34,2,49005,3,16,1,2,1,1,1,2,0,0,4,0,0,1,0
42,3,59895,1,12,,1,2,2,1,0,,0,2,0,1,0,
46,3,27225,0,12,1,1,2,2,2,4,5,1,4,1,0,1,1
51,3,363,1,14,,2,3,3,1,11,,0,3,0,0,1,
54,3,32670,0,7,,1,2,3,2,2,,0,2,1,0,0,
53,2,59895,1,12,4,2,3,3,1,9,0,0,2,0,1,0,0
36,3,72600,3,17,2,1,2,3,1,4,1,1,4,0,0,1,1
76,3,6534,3,15,3,2,1,1,1,2,4,0,2,0,0,0,1
33,3,59895,2,14,,2,2,2,2,4,,0,3,1,1,1,
69,4,19965,4,20,1,1,2,2,2,0,5,0,3,1,0,1,0
32,3,116160,1,13,2,1,1,3,1,3,1,1,2,0,0,0,1
48,2,59895,1,13,,2,2,2,2,1,,0,2,1,1,0,
72,3,59895,4,20,,1,2,1,2,1,,0,4,1,0,1,
85,3,,1,12,1,1,2,1,2,1,4,0,3,1,0,1,0
68,3,39930,1,13,1,2,1,1,2,3,0,0,4,1,0,1,0
75,2,,2,14,,1,2,2,2,2,,0,3,1,0,1,
52,2,101640,1,12,3,2,2,2,1,5,1,1,3,0,1,1,1
80,2,17242.5,1,12,,1,3,2,2,6,,0,3,1,0,1,
67,3,2541,1,13,,2,1,1,1,2,,0,3,0,1,1,
31,2,39930,1,13,2,2,2,3,2,8,4,0,3,1,0,1,0
47,3,163843.847,4,20,1,1,2,2,2,2,4,1,2,1,1,0,0
33,2,,1,12,1,,1,3,2,8,1,0,4,1,1,1,0
53,2,8167.5,0,11,1,1,1,1,2,6,3,0,2,1,0,0,1
47,2,4719,1,12,,2,2,3,2,10,,0,2,1,0,0,
57,3,72600,1,12,,2,3,2,1,2,,0,1,0,1,0,
58,3,163843.847,4,18,,2,1,1,2,2,,1,3,1,1,1,
55,3,101640,2,14,1,1,1,2,2,6,1,0,3,1,1,1,0
62,3,72600,4,20,1,1,2,2,2,5,2,1,3,1,0,1,0
26,2,39930,1,14,,2,2,2,2,2,,0,3,1,1,1,
73,1,,0,10,3,2,3,1,2,4,5,0,1,1,1,0,0
57,2,23595,1,12,,1,2,2,2,11,,1,3,1,0,1,
48,3,87120,3,16,,1,2,3,2,1,,0,3,1,1,1,
58,3,101640,3,16,2,1,2,2,2,5,2,0,3,1,1,1,0
79,3,23595,4,20,1,1,2,2,2,2,2,0,4,1,0,1,0
55,3,,3,16,,2,3,2,1,2,,1,3,0,1,1,
54,3,116160,1,16,,1,2,3,2,3,,0,4,1,1,1,
52,3,163843.847,2,14,2,1,1,1,2,0,0,0,4,1,1,1,0
80,2,32670,2,14,3,1,1,2,2,3,5,0,3,1,0,1,0
69,2,59895,1,12,,2,1,1,2,2,,1,4,1,1,1,
49,3,116160,4,17,2,1,2,2,2,4,2,1,4,1,1,1,1
75,3,72600,3,16,,1,1,2,1,3,,0,2,0,1,0,
51,3,116160,4,18,,1,2,1,2,3,,0,3,1,1,1,
34,2,101640,3,16,2,1,2,1,1,3,2,1,4,0,1,1,0
29,2,,3,16,1,1,3,2,2,2,4,0,2,1,1,0,1
44,3,5445,0,9,,1,2,3,2,0,,0,1,1,0,0,
54,3,163843.847,4,19,1,1,1,1,1,1,2,1,4,0,1,1,1
48,3,59895,1,15,,1,2,3,2,4,,0,4,1,1,1,
33,2,5445,3,19,1,2,2,1,1,1,0,0,4,0,0,1,0
31,2,,1,13,2,1,3,3,2,1,2,0,1,1,0,0,0
78,4,9982.5,1,13,2,1,2,3,2,7,0,0,4,1,0,1,0
47,2,6534,1,12,,1,2,2,1,2,,0,4,0,0,1,
58,3,8167.5,1,12,,1,1,2,1,5,,0,4,0,0,1,
49,3,72600,3,16,1,1,1,3,2,5,1,1,3,1,0,1,0
83,3,,1,12,,1,2,2,2,9,,0,3,1,0,1,
23,2,2541,1,13,,2,3,2,1,1,,0,2,0,0,0,
79,3,19965,3,16,,1,2,2,2,8,,0,3,1,1,1,
61,3,87120,1,12,3,1,1,2,2,2,2,1,3,1,1,1,1
40,2,49005,1,13,,1,1,3,1,1,,1,1,0,1,0,
57,2,39930,1,12,1,1,2,2,2,0,5,0,2,1,1,0,0
27,2,23595,1,12,,1,3,2,1,0,,1,2,0,0,0,
74,2,9982.5,1,12,1,2,2,2,2,8,6,0,2,1,1,0,0
57,3,32670,1,12,1,1,1,1,2,4,2,1,3,1,0,1,1
27,2,23595,1,14,,1,2,3,2,1,,0,2,1,0,0,
33,3,27225,1,11,1,1,2,3,2,4,4,1,1,1,0,0,1
39,3,101640,4,18,,1,1,2,1,1,,1,3,0,1,1,
34,2,3993,4,18,2,1,2,2,1,1,2,1,3,0,0,1,0
28,1,59895,1,15,,2,2,3,1,4,,1,3,0,0,1,
30,2,59895,1,14,,1,1,2,1,4,,1,4,0,1,1,
68,1,27225,1,12,,1,2,2,2,2,,0,3,1,0,1,
55,2,6534,1,10,1,2,3,3,1,11,4,0,1,0,0,0,0
59,2,87120,1,12,2,2,3,2,1,4,5,0,3,0,0,1,0
60,2,23595,1,13,,2,3,3,2,7,,1,2,1,0,0,
19,2,39930,0,10,1,1,1,1,1,6,2,0,4,0,0,1,1
48,2,32670,1,14,,1,3,2,2,6,,1,3,1,1,1,
27,2,39930,1,12,,1,2,2,1,8,,1,3,0,1,1,
33,2,39930,1,12,2,2,2,2,2,8,3,1,2,1,1,0,0
56,2,17242.5,0,11,2,2,1,2,1,4,6,1,3,0,0,1,0
53,2,19965,0,9,1,2,3,2,1,7,2,0,3,0,1,1,1
32,3,4719,1,12,,1,2,2,1,8,,0,2,0,0,0,
21,2,17242.5,1,13,,2,2,2,1,2,,1,3,0,0,1,
22,2,15427.5,0,5,3,1,3,2,2,7,1,0,2,1,0,0,1
40,2,49005,1,13,,2,2,2,1,2,,1,3,0,1,1,
22,3,59895,2,15,2,1,1,2,1,3,1,0,4,0,0,1,1
35,3,3267,4,16,1,2,2,2,2,1,1,0,4,1,1,1,1
64,3,59895,1,12,1,1,2,2,2,7,6,0,2,1,1,0,3
51,2,23595,0,12,,1,1,2,2,4,,1,3,1,1,1,
36,3,49005,1,12,2,1,1,1,1,4,3,1,2,0,0,0,4
37,2,39930,1,12,,1,2,2,1,1,,1,3,0,1,1,
25,2,23595,3,16,2,1,1,2,2,0,4,1,3,1,1,1,1
44,2,15427.5,0,0,,1,1,2,1,11,,1,3,0,0,1,
40,2,49005,0,6,3,1,3,2,2,4,2,1,3,1,0,1,0
28,2,17242.5,1,12,,1,2,3,2,3,,0,3,1,1,1,
59,2,39930,1,14,2,1,2,2,2,2,3,1,3,1,1,1,1
26,2,27225,3,17,2,2,1,3,1,3,4,1,3,0,0,1,2
27,2,116160,2,14,,2,1,1,1,4,,1,4,0,1,1,
69,3,49005,1,12,1,2,1,1,2,3,10,0,4,1,0,1,0
53,2,,1,12,,1,3,2,2,6,,0,2,1,0,0,
52,3,,1,12,3,2,1,3,1,1,5,0,4,0,0,1,1
60,2,8167.5,0,6,,1,1,3,2,12,,0,3,1,1,1,
60,3,101640,3,16,,1,2,1,1,8,,1,4,0,0,1,
59,2,59895,3,16,1,1,2,2,2,4,5,0,3,1,0,1,1
57,2,4719,1,14,2,1,2,1,1,3,8,0,3,0,0,1,1
37,2,17242.5,2,14,,2,3,3,2,3,,0,2,1,0,0,
40,2,,1,14,,1,3,2,2,4,,0,3,1,0,1,
51,3,27225,1,15,,1,1,2,2,13,,0,4,1,0,1,
77,3,23595,1,13,3,2,1,1,2,0,5,0,3,1,1,1,0
56,3,59895,3,16,,2,1,1,2,6,,1,3,1,1,1,
25,2,87120,1,12,1,1,2,2,1,3,2,1,3,0,1,1,0
48,2,59895,1,13,1,1,2,2,2,6,2,1,3,1,0,1,1
61,3,13612.5,1,12,,1,2,2,1,2,,0,1,0,0,0,
36,2,101640,0,6,3,2,1,3,2,6,2,0,3,1,1,1,2
28,3,,3,15,,1,3,3,2,11,,0,4,1,0,1,
23,2,17242.5,3,16,1,1,2,2,1,0,4,1,4,0,0,1,0
29,2,23595,1,15,,2,2,2,2,1,,1,2,1,0,0,
38,2,9982.5,1,14,,1,2,2,2,7,,1,3,1,0,1,
78,2,59895,4,18,,1,2,2,1,1,,0,2,0,1,0,
67,2,,0,11,3,2,1,2,2,12,1,0,3,1,0,1,0
48,3,72600,3,16,,2,2,3,2,5,,1,4,1,1,1,
68,3,116160,2,14,1,1,1,1,1,4,6,1,3,0,1,1,1
42,2,72600,1,12,,2,1,2,1,6,,1,3,0,0,1,
65,2,87120,1,14,2,1,1,2,2,3,2,1,4,1,1,1,0
77,3,32670,1,13,3,1,3,1,2,3,0,0,3,1,0,1,0
62,3,87120,1,14,2,2,2,1,2,10,2,1,3,1,1,1,1
51,3,8167.5,0,8,,1,2,2,1,3,,1,2,0,0,0,
28,2,59895,0,12,,2,1,1,2,3,,1,4,1,0,1,
53,2,,1,12,,1,2,3,2,0,,1,2,1,1,0,
40,2,116160,1,15,1,1,2,3,2,2,2,1,2,1,1,0,4
51,3,116160,3,16,,1,2,1,1,4,,1,3,0,1,1,
65,3,49005,1,13,,1,3,3,1,7,,0,2,0,0,0,
51,2,27225,1,13,1,2,2,3,2,4,2,1,3,1,0,1,0
60,2,72600,2,14,2,1,2,2,1,8,5,1,3,0,1,1,0
57,2,39930,1,12,,1,2,3,1,4,,0,3,0,0,1,
53,1,2541,1,12,,1,1,1,2,5,,0,3,1,1,1,
56,2,23595,1,12,1,1,1,2,1,6,3,1,2,0,0,0,0
21,2,59895,1,13,,1,2,2,2,0,,0,4,1,0,1,
24,2,32670,2,14,2,1,2,2,2,7,1,1,4,1,0,1,1
87,2,,1,12,,1,1,1,2,14,,0,4,1,0,1,
22,2,39930,1,13,1,1,2,2,2,4,1,1,4,1,0,1,0
51,2,23595,1,12,,,3,3,1,0,,1,3,0,0,1,
47,2,39930,3,18,2,2,2,3,2,8,4,1,2,1,1,0,0
27,2,23595,1,14,,2,3,3,2,1,,0,4,1,0,1,
20,3,,1,14,1,1,1,1,1,0,3,0,4,0,0,1,0
31,1,17242.5,1,12,,1,1,3,2,1,,1,4,1,0,1,
51,3,,3,17,1,1,2,2,2,3,12,0,2,1,0,0,0
87,3,39930,3,16,2,1,2,2,2,1,3,0,2,1,1,0,0
54,3,59895,3,16,,1,2,2,2,3,,1,4,1,0,1,
81,4,32670,1,12,2,1,1,2,2,1,1,0,3,1,1,1,1
47,2,5445,1,12,2,1,1,2,1,4,5,1,4,0,1,1,0
65,3,32670,3,16,2,1,2,2,1,0,2,0,3,0,1,1,0
75,2,1452,0,12,2,1,1,2,1,2,2,0,2,0,1,0,0
46,3,116160,3,16,2,2,2,2,1,2,3,1,3,0,1,1,0
53,3,101640,4,19,4,1,2,2,1,2,3,1,4,0,1,1,1
45,3,163843.847,3,16,,1,2,1,2,2,,0,3,1,1,1,
52,3,72600,4,17,1,1,1,2,2,1,4,1,4,1,1,1,2
56,3,87120,3,16,,1,1,2,2,3,,1,4,1,0,1,
58,1,11797.5,3,16,,1,2,3,2,3,,0,2,1,0,0,
69,3,11797.5,4,16,3,1,2,3,2,2,2,0,3,1,0,1,1
67,2,8167.5,1,12,3,1,3,3,2,8,3,0,3,1,0,1,2
54,3,,3,16,,1,3,3,2,6,,0,1,1,0,0,
53,2,72600,1,14,3,1,1,3,1,4,1,1,3,0,1,1,0
47,2,9982.5,1,14,,1,2,2,2,2,,1,2,1,0,0,
47,3,163843.847,3,16,1,1,2,3,1,2,2,0,3,0,1,1,0
63,3,15427.5,0,5,,1,3,1,2,9,,0,2,1,0,0,
32,2,32670,3,18,,1,3,2,2,6,,1,3,1,0,1,
23,1,32670,1,13,,1,2,3,2,2,,0,3,1,1,1,
38,2,39930,1,14,,1,3,2,2,5,,1,3,1,0,1,
51,2,49005,1,12,2,2,2,3,1,3,3,1,2,0,1,0,0
66,2,49005,3,16,,1,2,2,2,1,,1,4,1,0,1,
54,3,163843.847,4,20,,2,1,2,1,0,,1,4,0,1,1,
68,3,87120,1,12,4,1,2,1,1,8,2,0,3,0,1,1,0
58,3,163843.847,3,16,,1,3,2,1,1,,1,3,0,0,1,
33,3,116160,4,18,2,2,1,2,2,2,2,0,4,1,1,1,2
66,3,,3,16,,1,1,1,2,0,,0,4,1,0,1,
27,2,19965,1,12,,1,2,2,1,2,,1,3,0,0,1,
53,2,72600,1,12,2,1,2,2,1,3,2,0,3,0,0,1,0
54,3,27225,2,18,,1,2,2,1,3,,1,3,0,1,1,
67,1,9982.5,1,12,,1,3,2,1,5,,0,2,0,0,0,
65,2,17242.5,1,12,2,1,3,3,2,2,3,0,3,1,0,1,0
27,1,23595,1,15,3,1,2,2,2,8,4,1,3,1,0,1,1
28,2,13612.5,1,12,,2,2,2,1,3,,1,2,0,0,0,
27,2,17242.5,3,16,1,2,2,2,2,2,3,1,4,1,0,1,2
60,3,3267,0,8,2,1,2,2,1,8,6,0,3,0,0,1,
74,3,8167.5,1,12,2,1,2,2,2,0,5,0,3,1,0,1,0
44,1,3267,1,12,,1,1,1,2,1,,0,4,1,0,1,
63,2,15427.5,1,11,,1,1,2,1,5,,0,3,0,0,1,
72,1,6534,1,12,2,1,2,2,2,5,3,0,3,1,0,1,0
25,3,163843.847,3,17,,1,2,2,1,2,,1,2,0,0,0,
35,3,27225,3,18,2,1,1,2,1,0,4,1,2,0,0,0,1
56,2,19965,1,13,,1,1,3,1,2,,1,2,0,1,0,
75,1,17242.5,1,12,2,1,2,1,1,8,12,0,2,0,0,0,0
43,3,163843.847,3,16,,1,1,2,2,11,,1,3,1,1,1,
68,2,8167.5,2,14,2,1,2,2,1,3,3,0,3,0,0,1,0
61,3,32670,3,16,,1,2,3,2,5,,1,3,1,0,1,
46,2,23595,1,15,2,1,3,3,2,4,2,1,3,1,0,1,0
53,3,49005,4,18,,1,2,1,1,1,,1,4,0,0,1,
35,3,87120,3,16,,1,2,1,2,0,,1,3,1,1,1,
47,1,8167.5,0,9,,2,2,3,1,6,,0,2,0,0,0,
81,3,49005,2,13,,1,3,1,2,1,,0,2,1,1,0,
77,3,59895,3,17,2,,1,1,2,3,1,0,3,1,1,1,0
54,3,163843.847,4,17,1,1,2,1,1,1,1,1,3,0,1,1,0
43,3,72600,3,16,1,2,2,2,1,1,6,1,3,0,0,1,1
27,2,59895,2,15,,2,2,2,2,1,,1,3,1,0,1,
30,3,163843.847,3,16,3,1,1,1,2,1,0,1,2,1,1,0,1
52,3,163843.847,4,20,,1,2,2,1,3,,0,3,0,1,1,
55,3,163843.847,2,14,1,1,2,2,2,2,2,1,3,1,1,1,1
40,4,163843.847,3,16,,2,2,2,1,1,,1,3,0,1,1,
21,2,23595,1,14,2,1,3,3,2,1,2,1,2,1,0,0,1
81,2,11797.5,1,15,2,2,2,2,2,3,8,0,3,1,0,1,0
66,2,,4,20,,2,1,1,2,11,,0,4,1,0,1,
78,,8167.5,1,12,1,2,3,2,2,1,6,0,3,1,0,1,0
33,2,39930,2,16,2,2,3,2,2,2,2,1,2,1,0,0,0
23,2,39930,1,13,1,2,2,3,1,1,1,0,3,0,0,1,2
22,2,17242.5,1,13,,2,2,3,2,5,,1,2,1,0,0,
87,3,,0,11,2,1,2,2,2,0,5,0,3,1,0,1,0
35,3,49005,1,12,,1,2,2,1,2,,1,3,0,0,1,
44,2,32670,1,10,,2,2,1,2,6,,0,1,1,0,0,
19,3,,1,13,2,1,1,2,2,2,1,0,4,1,0,1,0
42,3,32670,1,12,,1,2,2,2,6,,1,3,1,0,1,
43,2,39930,1,13,,2,2,3,2,2,,1,3,1,1,1,
30,2,49005,1,14,,1,1,2,2,2,,0,3,1,0,1,
51,2,72600,4,18,1,1,1,3,2,3,3,1,4,1,1,1,1
39,2,87120,1,12,,1,3,2,2,4,,1,3,1,0,1,
66,3,72600,3,17,4,2,2,1,1,1,8,0,3,0,1,1,0
19,3,163843.847,1,12,1,1,3,1,2,4,1,0,2,1,0,0,1
30,2,27225,1,12,3,2,2,2,1,2,3,1,3,0,1,1,2
37,3,49005,1,14,,2,2,1,2,2,,1,3,1,1,1,
50,3,32670,1,12,,2,1,2,1,2,,1,3,0,1,1,
35,3,3993,1,13,1,1,1,2,2,4,8,1,4,1,1,1,0
70,2,17242.5,1,12,,1,2,2,2,4,,0,3,1,1,1,
33,3,4719,0,9,,1,1,2,2,4,,0,3,1,0,1,
51,2,39930,1,12,3,1,1,2,1,18,3,1,2,0,1,0,1
62,2,5445,0,9,,1,1,3,1,9,,0,1,0,1,0,
46,2,39930,1,13,4,1,2,3,2,2,14,0,2,1,1,0,2
47,2,19965,1,12,,1,3,2,1,2,,1,4,0,1,1,
56,3,72600,3,17,2,1,1,2,2,3,1,1,3,1,1,1,0
27,2,32670,4,18,2,1,1,2,2,4,2,1,4,1,0,1,1
27,2,23595,4,17,3,2,2,3,2,5,1,1,4,1,1,1,1
40,2,39930,4,17,4,1,2,1,1,9,0,1,4,0,0,1,1
63,3,101640,3,16,,1,1,2,2,3,,0,4,1,1,1,
35,1,1452,0,13,,1,2,1,1,1,,0,2,0,0,0,
79,,8167.5,0,10,2,2,1,1,2,6,7,0,2,1,0,0,0
47,3,2541,1,12,,1,1,3,1,0,,0,2,0,0,0,
43,2,27225,3,14,,1,1,2,1,2,,1,3,0,0,1,
44,2,,1,14,3,1,2,1,2,8,1,1,3,1,0,1,0
43,1,27225,1,13,,2,1,3,2,10,,0,2,1,0,0,
28,3,1452,0,12,3,1,1,3,2,3,1,0,4,1,0,1,0
44,3,,1,16,,1,3,1,2,1,,1,4,1,0,1,
54,2,32670,1,14,1,1,1,1,2,4,8,1,3,1,0,1,2
79,2,17242.5,1,12,,1,2,2,2,12,,0,3,1,0,1,
28,2,11797.5,1,12,3,1,3,3,2,4,5,0,1,1,0,0,1
52,1,363,1,12,,2,2,3,1,9,,0,3,0,0,1,
30,1,6534,1,12,,1,2,2,1,3,5,0,4,0,0,1,0
24,1,,1,12,,1,3,3,2,3,,0,3,1,0,1,
29,2,19965,1,12,2,1,2,3,1,3,1,1,3,0,0,1,3
73,2,11797.5,1,12,3,1,2,3,2,4,4,0,4,1,0,1,0
57,2,32670,1,12,,1,2,3,1,3,,0,2,0,1,0,
51,3,,3,16,3,2,2,1,1,3,3,1,3,0,1,1,1
65,3,87120,3,16,,1,2,2,1,1,,1,4,0,1,1,
28,2,13612.5,2,14,3,2,2,3,1,0,2,0,2,0,0,0,1
25,2,,3,15,,1,3,2,1,4,,0,4,0,0,1,
40,1,363,0,10,,1,3,3,1,0,,0,2,0,0,0,
56,2,,1,12,3,2,2,3,1,22,3,0,2,0,0,0,
27,2,,1,13,2,1,3,2,1,5,0,0,4,0,0,1,4
59,2,39930,1,14,,1,2,3,2,1,,1,3,1,0,1,
56,2,8167.5,3,16,1,2,1,2,1,5,3,0,3,0,0,1,0
61,3,,1,12,2,1,1,2,2,2,1,0,3,1,1,1,1
56,3,101640,1,12,2,1,1,2,2,2,2,1,3,1,1,1,2
35,2,163843.847,3,19,,1,1,2,2,1,,1,4,1,1,1,
57,1,17242.5,1,12,,1,2,3,1,2,,0,1,0,1,0,
50,3,116160,1,13,2,1,2,1,2,1,0,1,3,1,1,1,0
25,1,59895,1,13,,1,2,2,1,4,,0,4,0,0,1,
59,2,9982.5,1,16,,1,3,2,2,7,,1,3,1,0,1,
73,3,32670,1,14,,1,1,1,1,1,,0,2,0,1,0,
60,2,39930,1,12,3,2,1,3,1,14,5,0,4,0,0,1,2
84,2,,0,6,,1,1,3,1,6,,0,2,0,1,0,
57,2,11797.5,0,11,3,1,2,1,2,3,3,1,3,1,0,1,0
35,3,39930,1,12,3,1,2,2,2,2,2,1,2,1,0,0,0
28,3,101640,3,16,,1,2,1,2,2,,0,3,1,1,1,
42,4,101640,4,17,1,1,1,2,2,2,1,1,4,1,0,1,2
38,2,13612.5,1,12,3,2,2,3,2,2,4,0,4,1,0,1,1
69,2,59895,0,8,,1,1,1,1,8,,1,2,0,1,0,
68,3,27225,1,12,3,1,2,2,1,1,3,0,3,0,0,1,1
44,3,49005,1,14,,1,1,2,1,3,,1,3,0,0,1,
67,2,59895,3,16,1,2,2,1,1,2,5,0,3,0,1,1,1
45,3,116160,3,20,1,2,2,2,2,2,1,1,3,1,1,1,2
68,3,101640,4,18,1,1,2,2,2,6,5,0,3,1,0,1,2
34,2,59895,3,17,,1,1,2,2,2,,0,3,1,1,1,
24,2,87120,0,11,2,1,1,3,2,3,0,1,4,1,0,1,2
32,1,32670,3,16,1,,1,3,2,5,1,0,4,1,0,1,2
22,2,13612.5,1,12,,2,2,1,1,1,,0,2,0,0,0,
35,2,8167.5,1,12,,1,3,3,2,4,,0,2,1,1,0,
64,3,49005,1,12,1,2,2,1,2,6,4,1,4,1,0,1,0
26,2,23595,1,12,,2,1,2,1,2,,1,4,0,0,1,
63,3,72600,4,18,,1,2,2,1,1,,0,3,0,1,1,
32,1,15427.5,2,14,3,1,2,2,1,9,0,1,2,0,1,0,0
61,3,11797.5,3,17,,2,2,2,1,3,,0,4,0,0,1,
40,3,87120,3,18,1,2,3,3,1,1,2,0,2,0,0,0,0
64,2,39930,3,16,1,1,2,2,2,3,1,1,3,1,1,1,1
41,3,87120,4,20,,1,1,1,1,2,,1,4,0,1,1,
55,2,72600,3,16,1,1,2,2,1,7,1,1,3,0,1,1,1
65,3,59895,3,17,,1,1,2,2,3,,1,3,1,1,1,
43,3,27225,3,19,,1,2,3,1,1,,0,3,0,0,1,
56,3,87120,3,16,4,2,1,2,1,2,2,1,4,0,1,1,0
67,3,39930,4,20,1,1,2,1,2,6,2,0,2,1,1,0,0
69,2,32670,1,12,3,2,3,3,1,5,5,1,4,0,0,1,0
23,3,49005,1,12,,1,1,2,2,1,,0,3,1,0,1,
43,3,116160,3,16,1,1,1,2,2,7,1,1,3,1,1,1,1
46,2,39930,1,14,,1,2,2,2,4,,1,3,1,0,1,
34,3,101640,3,16,2,1,1,1,1,2,1,1,4,0,1,1,9
56,3,32670,3,16,2,1,2,2,1,5,4,0,2,0,0,0,2
25,3,49005,3,16,,1,1,2,2,2,,1,3,1,1,1,
77,2,23595,1,12,,1,2,2,2,0,,0,4,1,1,1,
30,3,39930,3,17,1,1,2,3,1,1,1,0,2,0,0,0,0
70,2,32670,1,13,,1,3,3,2,4,,0,4,1,0,1,
79,3,39930,3,16,3,2,2,2,1,2,4,0,3,0,1,1,1
59,3,15427.5,1,16,,1,2,2,1,3,,1,4,0,0,1,
68,2,39930,1,14,1,2,2,1,1,3,2,0,3,0,1,1,0
29,3,32670,1,12,,1,2,2,1,5,,1,3,0,0,1,
31,2,9982.5,1,12,1,1,2,3,2,1,3,0,2,1,0,0,0
27,2,11797.5,1,12,2,1,2,3,2,2,2,0,2,1,0,0,2
47,1,15427.5,1,12,,1,3,3,1,1,,0,2,0,1,0,
35,2,17242.5,2,14,,1,2,2,1,2,,0,3,0,1,1,
54,1,5445,0,9,2,2,3,3,1,2,10,0,2,0,0,0,0
31,1,11797.5,1,15,,1,2,2,1,3,,0,3,0,0,1,
55,2,59895,1,13,,2,2,2,2,1,,1,2,1,1,0,
61,2,23595,1,14,2,1,2,3,2,4,3,1,2,1,0,0,1
26,2,27225,1,13,,1,2,3,1,1,,1,3,0,0,1,
60,3,87120,1,12,3,2,1,1,2,3,2,1,3,1,1,1,1
25,3,15427.5,3,16,2,1,2,2,1,7,1,1,4,0,0,1,1
56,3,39930,3,16,,2,2,2,1,10,,1,4,0,1,1,
57,1,13612.5,1,12,,1,3,3,1,2,,0,2,0,1,0,
82,2,13612.5,0,10,,1,1,3,1,1,,0,3,0,0,1,
22,2,11797.5,1,13,3,1,2,3,2,14,6,1,3,1,0,1,1
29,2,49005,2,14,1,2,2,3,1,2,3,1,3,0,0,1,4
35,2,19965,2,16,2,1,2,2,2,2,1,1,3,1,0,1,5
56,3,27225,3,16,2,1,2,1,1,7,5,0,4,0,0,1,0
82,3,13612.5,1,12,,1,2,2,1,2,,0,4,0,1,1,
39,3,,0,9,2,1,3,3,1,3,6,0,2,0,0,0,0
50,2,39930,0,8,,1,1,2,2,6,,1,3,1,1,1,
22,3,49005,1,13,1,1,2,1,1,2,2,1,3,0,0,1,1
52,1,17242.5,4,18,,1,2,3,2,2,,1,3,1,0,1,
66,3,39930,4,20,1,1,3,3,2,3,0,0,3,1,0,1,0
38,2,39930,0,11,,1,2,3,2,6,,1,4,1,1,1,
39,3,49005,1,12,2,1,2,2,2,4,2,1,3,1,0,1,4
43,2,59895,2,14,,1,2,2,2,2,,1,2,1,1,0,
39,2,39930,1,12,,1,3,2,1,1,,1,3,0,0,1,
69,2,32670,4,19,1,1,1,1,2,2,4,0,4,1,0,1,0
56,2,49005,1,12,,1,1,3,2,3,,1,3,1,0,1,
77,3,9982.5,1,12,3,1,2,1,1,6,2,0,3,0,0,1,0
61,3,87120,1,12,2,1,1,2,1,1,4,0,3,0,1,1,1
39,3,72600,1,13,,1,1,1,2,7,,1,3,1,1,1,
83,2,17242.5,0,8,,1,2,1,2,9,,0,3,1,0,1,
27,3,116160,1,12,1,2,2,3,1,1,0,1,1,0,0,0,1
63,3,49005,3,16,,1,1,2,2,3,,0,4,1,1,1,
72,2,19965,1,12,3,2,3,3,1,8,6,0,2,0,1,0,0
42,2,,1,14,,1,2,3,2,3,,0,2,1,1,0,
52,3,163843.847,4,18,,1,2,1,2,3,,0,4,1,1,1,
75,3,87120,1,13,,1,2,2,1,3,,0,3,0,1,1,
40,3,163843.847,3,16,,1,2,3,2,0,,1,3,1,0,1,
62,3,163843.847,3,16,2,2,2,1,2,4,1,0,3,1,1,1,3
42,3,163843.847,4,18,,2,2,2,1,1,,0,4,0,1,1,
83,3,5445,1,15,3,2,2,1,2,2,5,0,2,1,0,0,0
76,4,163843.847,2,14,2,1,1,1,1,4,1,0,3,0,1,1,0
52,3,116160,4,20,,1,1,1,2,1,,1,3,1,1,1,
19,2,49005,1,12,3,1,1,2,1,11,4,0,3,0,0,1,2
51,3,39930,1,11,,1,2,2,2,8,,0,3,1,1,1,
28,3,49005,3,16,2,1,1,3,1,2,0,1,3,0,1,1,1
31,3,87120,1,14,,2,1,3,1,9,,1,2,0,0,0,
43,2,72600,1,13,3,2,2,2,1,5,3,1,4,0,0,1,1
89,2,23595,2,14,3,1,3,3,1,3,5,0,2,0,1,0,0
56,2,59895,1,10,,2,2,,1,3,,1,3,0,0,1,
58,2,49005,1,12,3,1,2,2,1,4,4,1,2,0,1,0,0
38,2,49005,2,16,,1,1,2,1,3,,1,4,0,1,1,
47,3,59895,3,16,1,1,2,3,2,3,0,1,2,1,1,0,0
48,3,15427.5,1,11,,2,2,3,2,2,,1,3,1,1,1,
26,2,39930,2,14,1,1,2,3,1,4,0,0,4,0,0,1,3
23,2,1452,0,9,,1,1,2,2,4,,0,3,1,0,1,
30,2,27225,0,10,2,2,1,2,2,9,2,0,3,1,0,1,2
49,2,39930,4,17,,1,2,2,2,7,,1,4,1,0,1,
52,2,39930,1,12,2,1,2,3,2,0,2,1,2,1,0,0,1
22,2,,1,13,,1,2,2,1,7,,1,3,0,0,1,
42,2,1452,0,7,,1,2,1,1,1,,0,2,0,0,0,
24,3,,1,12,,2,3,2,1,4,,0,3,0,0,1,
33,2,32670,1,12,1,1,2,2,2,6,3,1,1,1,0,0,1
46,2,,1,12,,1,3,3,2,0,,1,2,1,0,0,
54,2,49005,2,14,4,1,2,1,2,1,2,1,3,1,0,1,1
47,2,15427.5,0,12,,2,2,3,1,2,,0,1,0,0,0,
62,2,49005,3,16,1,1,2,2,1,2,4,1,3,0,0,1,2
48,2,59895,1,12,,2,1,3,1,2,,1,4,0,1,1,
32,3,72600,4,20,1,1,1,1,1,2,1,1,4,0,1,1,5
31,1,,1,12,,1,3,3,1,6,,0,3,0,1,1,
37,3,59895,3,16,,2,2,2,2,2,,1,3,1,0,1,
36,3,59895,3,16,1,1,1,1,1,1,1,1,3,0,1,1,1
47,2,116160,0,7,,2,1,1,1,5,,1,3,0,1,1,
37,3,163843.847,4,19,,1,2,1,2,3,,1,4,1,1,1,
89,2,,1,11,3,1,2,1,1,5,8,0,2,0,0,0,0
71,3,39930,3,16,,2,2,3,2,1,,0,1,1,1,0,
21,2,59895,1,13,2,2,2,2,2,3,2,1,4,1,0,1,0
67,,9982.5,3,17,2,1,2,3,2,1,0,0,2,1,0,0,0
34,3,39930,1,11,3,1,2,2,1,3,3,1,3,0,1,1,0
65,3,32670,1,14,,1,2,2,1,1,,0,4,0,0,1,
68,3,49005,1,12,2,2,2,1,2,1,3,0,3,1,1,1,0
38,2,13612.5,0,6,,1,2,1,2,7,,0,4,1,0,1,
52,2,87120,1,12,,1,2,2,2,5,,0,2,1,1,0,
49,3,1452,4,18,,1,2,2,2,0,,0,4,1,0,1,
63,2,17242.5,0,6,2,1,1,2,1,8,3,0,3,0,1,1,0
26,3,27225,1,15,,1,2,1,1,2,,1,3,0,0,1,
70,3,23595,1,15,,2,3,3,2,3,,0,3,1,0,1,
21,2,15427.5,1,15,1,1,2,2,2,8,1,1,3,1,0,1,1
69,2,27225,1,12,,1,2,2,1,1,,0,3,0,1,1,
39,3,163843.847,1,15,,1,2,1,1,1,,1,2,0,1,0,
29,2,72600,1,12,2,1,2,2,1,3,1,1,3,0,0,1,2
45,2,59895,1,12,,1,2,2,1,2,,1,2,0,0,0,
41,3,163843.847,4,20,,1,2,2,1,2,,1,2,0,1,0,
46,3,32670,3,16,2,2,2,2,1,4,3,1,2,0,0,0,0
23,2,8167.5,3,16,,1,3,3,1,4,,0,3,0,0,1,
31,2,19965,1,11,2,1,3,3,2,2,2,0,3,1,0,1,2
47,2,72600,3,16,,1,2,2,1,2,,1,3,0,1,1,
45,3,,3,16,,1,2,2,2,3,,0,2,1,1,0,
58,2,101640,3,16,,1,3,3,2,6,,0,2,1,1,0,
66,3,101640,4,17,,1,2,1,1,1,,0,4,0,0,1,
41,2,32670,0,7,3,2,2,1,1,3,0,0,1,0,0,0,3
44,3,59895,4,18,,1,2,3,2,3,,0,4,1,1,1,
57,3,32670,1,12,2,1,2,2,1,2,3,1,3,0,0,1,0
89,3,72600,3,16,3,,2,1,1,2,1,0,3,0,0,1,0
64,2,6534,1,14,,1,3,2,1,2,,0,3,0,0,1,
65,3,13612.5,1,13,1,2,1,2,2,9,20,0,3,1,0,1,3
72,3,2541,1,12,1,2,3,2,2,1,24,0,2,1,0,0,0
57,3,116160,3,19,1,1,2,1,2,2,1,1,4,1,1,1,0
63,2,49005,1,12,1,1,2,2,2,3,5,1,4,1,1,1,1
55,2,27225,2,17,,1,2,1,2,5,,0,2,1,0,0,
53,2,72600,1,14,1,2,2,3,2,5,2,1,3,1,1,1,2
52,2,23595,1,12,,2,1,1,2,1,,0,3,1,1,1,
75,3,59895,1,14,,1,3,2,1,2,,0,3,0,1,1,
28,3,59895,3,16,,1,1,2,2,2,,1,3,1,1,1,
48,2,6534,0,9,,1,2,2,1,3,,0,2,0,0,0,
59,2,39930,1,12,,1,1,2,2,3,,1,3,1,1,1,
40,2,39930,1,12,2,2,2,3,1,7,2,1,3,0,1,1,0
35,3,39930,3,16,,1,2,2,2,0,,1,4,1,0,1,
51,3,163843.847,2,14,,1,2,2,1,3,,1,3,0,1,1,
47,3,163843.847,1,13,2,1,2,1,2,0,5,0,2,1,1,0,0
45,3,,3,16,3,2,1,1,1,4,0,1,4,0,1,1,1
48,3,87120,3,16,,1,1,1,2,2,,0,4,1,1,1,
26,3,32670,4,20,,1,1,1,1,0,,1,3,0,0,1,
33,3,72600,3,16,3,2,2,2,1,0,2,1,3,0,1,1,2
48,2,39930,3,16,,1,2,2,2,2,,1,3,1,0,1,
36,2,101640,4,16,,1,2,2,2,7,,1,3,1,1,1,
49,1,87120,1,12,,1,1,3,1,1,,1,3,0,1,1,
38,2,49005,3,20,,1,1,2,1,1,,1,4,0,1,1,
28,3,39930,4,19,2,1,2,2,2,4,3,0,3,1,1,1,1
60,3,,0,10,,1,1,1,1,4,,1,3,0,1,1,
43,2,32670,1,11,3,1,2,2,1,8,0,1,3,0,1,1,1
54,2,32670,3,16,1,1,2,3,1,2,0,0,2,0,1,0,0
69,2,87120,1,12,2,1,2,1,1,6,2,1,2,0,1,0,2
55,2,32670,1,12,1,1,3,2,2,1,2,0,1,1,1,0,2
63,2,17242.5,2,14,,1,1,2,1,4,,1,3,0,0,1,
68,2,19965,1,12,,1,3,2,2,4,,0,3,1,0,1,
36,2,72600,2,14,2,2,2,3,2,5,6,1,2,1,1,0,1
77,3,163843.847,3,16,,1,3,1,1,1,,0,2,0,1,0,
26,2,13612.5,1,12,,1,3,3,1,1,,1,3,0,0,1,
46,1,23595,1,11,,2,3,3,2,7,,1,1,1,0,0,
77,1,6534,0,8,3,1,3,2,2,7,6,0,2,1,0,0,0
54,2,49005,3,16,,1,2,2,1,0,,1,3,0,0,1,
52,3,5445,1,13,1,1,1,1,1,1,5,0,1,0,0,0,1
25,2,13612.5,1,11,,1,3,3,2,1,,1,2,1,1,0,
21,2,17242.5,0,8,2,1,2,2,2,4,1,0,2,1,1,0,1
42,2,32670,1,14,,1,2,2,2,5,,0,3,1,1,1,
49,1,15427.5,0,12,1,1,3,3,2,2,7,0,1,1,0,0,0
56,2,87120,1,12,,2,2,2,2,3,,1,3,1,1,1,
67,1,5445,1,12,3,2,2,3,1,2,8,0,3,0,0,1,0
23,2,9982.5,3,16,,1,2,2,2,2,,1,3,1,0,1,
24,3,72600,1,12,,2,2,2,2,1,,1,3,1,1,1,
67,2,6534,1,14,,1,2,2,1,6,,0,2,0,0,0,
62,3,,1,13,1,1,2,2,2,10,12,0,3,1,0,1,0
50,3,87120,1,13,3,1,2,2,1,3,1,1,3,0,1,1,0
54,3,3267,1,14,,1,3,1,1,2,,0,4,0,0,1,
58,1,19965,1,11,1,1,3,2,2,3,4,0,3,1,0,1,1
34,1,3993,1,12,,2,2,3,2,5,,0,3,1,0,1,
29,2,27225,1,13,2,2,2,2,2,1,2,1,3,1,0,1,1
70,3,72600,3,16,3,2,1,1,2,3,6,0,3,1,1,1,0
73,2,27225,2,14,,1,3,2,2,2,,0,3,1,0,1,
25,2,15427.5,1,12,,1,2,2,2,5,,0,4,1,1,1,
62,1,19965,1,13,,1,3,3,1,6,,0,2,0,0,0,
66,1,13612.5,2,14,,2,1,2,1,7,,0,2,0,0,0,
65,2,27225,0,9,,2,1,2,2,7,,1,3,1,0,1,
58,1,1452,1,14,,1,2,3,1,7,0,0,2,0,0,0,0
65,1,3267,0,6,,1,3,3,2,6,,0,1,1,0,0,
57,2,2541,0,9,2,1,1,2,1,9,5,0,4,0,1,1,1
30,1,23595,1,9,,1,2,3,1,0,,1,2,0,0,0,
58,3,6534,1,14,1,1,2,2,1,13,3,0,2,0,1,0,2
39,3,49005,1,12,,2,1,2,2,4,,1,3,1,0,1,
67,2,32670,3,16,,1,2,2,1,2,,0,3,0,0,1,
85,1,,1,12,3,1,2,2,2,6,2,0,3,1,0,1,0
69,2,15427.5,3,16,,2,3,2,2,7,,0,3,1,0,1,
66,2,59895,1,12,2,1,1,2,2,1,2,1,4,1,1,1,0
31,3,87120,4,16,,2,1,1,1,2,,1,4,0,1,1,
63,3,49005,4,17,1,1,1,1,2,1,2,1,3,1,1,1,1
78,3,,1,12,,1,1,2,2,1,,0,2,1,1,0,
68,3,87120,3,16,1,1,2,1,1,3,4,0,3,0,1,1,6
51,2,163843.847,3,16,,1,2,1,1,8,,1,3,0,1,1,
32,2,23595,2,16,1,1,2,2,2,4,1,1,3,1,0,1,3
39,2,101640,4,18,,1,2,3,1,3,,0,3,0,0,1,
48,2,39930,4,19,,1,1,3,2,7,,1,3,1,0,1,
68,3,19965,2,14,,1,3,1,1,6,,1,4,0,0,1,
52,3,72600,2,16,,1,2,1,1,1,,0,2,0,0,0,
83,3,27225,4,19,2,1,3,2,2,0,4,0,3,1,0,1,9
73,3,72600,4,20,,1,2,1,1,0,,0,1,0,0,0,
77,2,,0,10,2,1,2,3,2,2,6,0,2,1,0,0,0
36,3,49005,1,12,3,1,2,3,1,2,1,1,3,0,1,1,2
65,2,49005,1,13,,1,1,2,1,2,,0,3,0,1,1,
63,3,,3,16,3,1,3,2,1,1,1,1,3,0,0,1,1
35,2,23595,1,16,1,1,2,3,2,2,2,1,3,1,1,1,3
48,3,72600,4,16,,1,1,2,1,2,,1,3,0,1,1,
27,3,49005,3,17,,2,3,2,1,1,,1,3,0,0,1,
34,3,11797.5,0,10,,2,3,3,1,4,,0,2,0,1,0,
42,3,59895,3,16,,2,2,2,1,2,,1,4,0,1,1,
43,2,27225,1,12,2,2,2,3,1,4,0,1,3,0,0,1,0
80,3,32670,1,15,2,1,3,1,2,2,1,0,4,1,0,1,0
80,2,,1,14,,2,1,1,1,8,,0,3,0,1,1,
22,2,87120,1,12,,1,1,2,1,2,,0,3,0,0,1,
42,3,59895,1,12,1,1,1,1,2,11,2,0,4,1,1,1,1
49,2,,0,9,,1,2,1,2,17,,0,3,1,1,1,
41,2,72600,3,16,1,1,2,2,1,2,2,1,3,0,1,1,4
49,2,49005,1,13,3,1,1,3,1,5,5,1,4,0,1,1,2
40,1,27225,0,8,,1,2,3,2,21,,0,1,1,0,0,
81,2,15427.5,0,10,1,1,2,3,2,1,12,0,1,1,0,0,0
87,2,15427.5,1,12,,2,3,2,2,6,,0,2,1,0,0,
52,1,23595,3,15,2,1,3,2,1,8,2,0,3,0,1,1,0
58,2,19965,1,12,3,1,2,2,2,3,6,1,2,1,0,0,0
26,2,19965,3,17,2,1,2,2,2,3,,1,2,1,0,0,0
20,3,59895,1,14,,2,3,1,1,4,,0,4,0,0,1,
23,3,9982.5,3,16,3,1,1,1,1,1,1,0,4,0,0,1,2
25,2,9982.5,1,16,,1,1,3,2,5,,1,1,1,0,0,
31,3,8167.5,3,17,,1,2,3,1,2,,0,3,0,0,1,
19,3,9982.5,1,13,1,1,2,3,2,0,3,0,2,1,0,0,0
30,3,3267,1,14,,2,2,2,1,2,,0,4,0,0,1,
23,,,2,14,2,1,2,,1,3,1,0,4,0,0,1,0
53,3,163843.847,3,16,,1,1,2,1,1,,1,3,0,1,1,
52,2,49005,1,12,2,2,2,1,2,5,2,1,3,1,1,1,1
47,2,39930,1,12,,2,1,1,1,10,,1,2,0,1,0,
54,2,59895,1,12,,1,2,2,2,7,,1,3,1,1,1,
67,3,49005,4,18,,1,1,1,2,3,,0,3,1,1,1,
57,3,15427.5,4,20,3,1,2,1,1,3,0,0,3,0,0,1,0
89,3,49005,1,13,,1,2,1,1,1,,0,4,0,0,1,
32,1,27225,1,13,1,1,1,3,2,0,0,0,1,1,1,0,0
22,2,9982.5,1,13,,2,3,3,2,1,,0,1,1,0,0,
37,1,15427.5,0,11,2,1,2,3,2,6,2,0,3,1,0,1,1
54,2,6534,3,16,2,1,2,3,1,7,2,1,3,0,1,1,1
24,2,19965,1,15,,1,3,2,2,3,,0,3,1,0,1,
25,3,32670,1,14,1,1,1,3,2,4,2,1,3,1,0,1,2
44,1,4719,1,12,,2,3,3,2,2,,0,3,1,0,1,
25,2,11797.5,1,14,2,1,2,3,1,1,1,1,2,0,0,0,0
24,2,101640,1,15,,2,2,2,1,1,,1,1,0,1,0,
78,2,59895,1,12,,1,3,3,2,9,,0,1,1,0,0,
38,2,32670,0,6,,2,1,2,1,5,,1,3,0,1,1,
57,2,39930,0,8,3,1,1,2,1,11,2,1,3,0,1,1,0
70,3,,1,12,,1,3,1,2,1,,0,3,1,0,1,
77,1,6534,0,9,3,1,3,1,2,21,12,0,1,1,0,0,0
85,3,39930,1,12,2,2,2,1,2,3,2,0,3,1,1,1,1
62,3,163843.847,1,14,1,1,2,1,1,2,1,0,4,0,0,1,2
84,3,,1,12,,2,2,1,2,0,,0,2,1,1,0,
71,3,163843.847,0,11,2,1,3,1,2,4,2,0,3,1,1,1,1
80,3,59895,1,14,,1,2,1,1,2,,0,1,0,1,0,
37,3,72600,1,12,,1,2,2,2,4,,1,3,1,1,1,
62,2,,1,12,3,1,2,2,2,1,1,1,3,1,0,1,0
74,3,23595,1,12,,1,2,2,1,1,,0,2,0,0,0,
40,3,1452,1,15,1,1,2,2,2,1,1,0,3,1,0,1,0
31,2,49005,2,14,1,1,2,2,1,1,4,1,4,0,0,1,1
36,3,72600,4,18,,1,2,2,1,1,,1,3,0,1,1,
83,2,39930,0,9,3,1,3,2,1,5,4,1,2,0,0,0,0
58,2,49005,0,1,,2,2,2,1,4,,1,1,0,0,0,
29,2,23595,1,13,2,2,2,2,1,2,1,1,2,0,0,0,0
50,3,72600,1,12,,1,2,1,1,4,,1,3,0,1,1,
64,3,49005,3,18,,2,2,2,1,6,,0,2,0,0,0,
72,3,59895,4,17,,1,3,2,1,1,,0,3,0,0,1,
31,3,87120,3,16,,1,1,1,2,3,,0,4,1,1,1,
30,3,59895,3,16,1,2,1,1,1,2,4,1,4,0,0,1,2
36,3,,3,18,,1,2,2,2,4,,1,4,1,0,1,
56,3,59895,1,12,2,1,2,1,2,1,2,1,3,1,0,1,2
29,3,72600,1,14,,2,2,2,2,1,,0,3,1,1,1,
83,3,59895,3,16,2,1,2,1,2,0,3,0,3,1,0,1,2
80,3,,3,17,,1,1,1,2,1,,0,3,1,1,1,
61,2,8167.5,1,12,,2,3,2,1,4,,0,2,0,0,0,
52,2,72600,2,14,,1,2,2,2,1,,1,4,1,1,1,
24,3,59895,1,12,2,1,2,2,2,2,1,1,3,1,0,1,1
28,2,39930,1,12,1,2,2,2,2,2,3,1,3,1,1,1,2
30,1,17242.5,1,12,,2,2,3,2,2,,0,2,1,0,0,
63,2,19965,1,13,1,1,1,2,2,7,1,1,3,1,0,1,1
20,3,3993,1,13,,1,2,1,1,2,,0,3,0,0,1,
31,3,15427.5,1,12,,1,2,2,2,10,,1,3,1,0,1,
74,2,23595,1,14,,2,2,2,1,7,,0,2,0,0,0,
61,3,101640,2,18,,,,2,1,7,,1,1,0,1,0,
63,3,32670,1,14,2,1,2,2,2,4,3,0,3,1,1,1,0
46,3,59895,1,12,1,1,2,2,1,2,2,1,3,0,0,1,2
83,3,49005,3,20,2,1,1,1,2,4,2,0,3,1,0,1,0
80,3,72600,2,14,3,1,2,1,1,3,3,0,3,0,1,1,0
58,4,163843.847,1,13,,1,2,1,2,5,,0,2,1,1,0,
52,2,15427.5,1,12,2,1,2,3,2,4,4,0,2,1,1,0,0
31,3,49005,1,12,1,1,1,3,2,2,1,0,3,1,1,1,1
34,3,101640,1,15,,2,1,1,1,2,,1,4,0,1,1,
57,3,49005,3,16,3,1,2,1,2,3,3,1,2,1,0,0,0
60,2,59895,0,9,1,2,1,2,1,6,5,1,3,0,1,1,0
67,2,17242.5,1,11,,1,2,2,2,5,,0,3,1,1,1,
50,2,27225,3,20,,1,3,3,1,1,,1,1,0,0,0,
23,1,,1,12,1,1,3,3,2,2,4,0,1,1,1,0,2
59,3,72600,1,12,,1,2,1,1,4,,1,4,0,1,1,
38,3,101640,4,19,,2,1,1,2,3,,1,3,1,1,1,
32,3,39930,2,14,2,1,2,1,1,2,5,0,4,0,0,1,1
48,2,32670,1,14,1,2,3,3,1,1,6,1,2,0,0,0,0
64,3,32670,1,13,,2,2,2,2,5,,1,3,1,1,1,
25,2,8167.5,1,15,2,1,2,2,2,4,2,1,3,1,0,1,1
48,2,17242.5,1,12,,1,3,2,2,10,,1,3,1,0,1,
23,3,363,4,17,1,2,2,1,1,0,1,1,4,0,0,1,1
44,3,49005,1,14,,1,1,2,1,1,,1,3,0,0,1,
25,3,32670,3,16,,2,1,2,1,2,,1,4,0,0,1,
59,3,101640,3,17,2,2,2,1,1,4,2,1,3,0,1,1,0
53,3,87120,3,17,2,1,2,2,2,2,1,0,2,1,1,0,0
46,2,,1,12,,1,2,2,1,0,,1,2,0,0,0,
86,3,,1,12,,1,1,2,2,3,,0,3,1,1,1,
29,2,,0,12,,1,2,2,2,4,,0,3,1,0,1,
50,2,39930,3,16,,1,1,2,2,2,,1,4,1,0,1,
79,3,39930,3,16,,1,1,1,2,4,,0,4,1,0,1,
50,2,,1,12,,2,2,2,2,4,,1,3,1,0,1,
61,1,13612.5,3,16,,1,3,2,1,3,,0,2,0,0,0,
21,2,101640,1,14,2,2,1,2,2,1,1,0,4,1,0,1,1
29,3,72600,2,15,,1,1,1,2,3,,0,4,1,1,1,
25,2,27225,1,15,1,2,2,2,2,2,1,1,3,1,0,1,2
71,1,11797.5,0,0,,1,3,3,2,3,,0,4,1,1,1,
55,1,15427.5,1,12,,1,3,3,1,6,,0,1,0,0,0,
47,2,87120,3,16,1,1,2,2,1,3,2,1,3,0,1,1,1
73,1,8167.5,0,8,2,1,3,3,2,6,1,0,2,1,0,0,0
80,3,9982.5,1,12,,1,2,3,2,0,,0,3,1,0,1,
86,2,17242.5,1,12,2,1,2,3,2,1,6,0,3,1,0,1,0
47,3,49005,4,20,,1,1,2,1,3,,1,3,0,0,1,
52,3,163843.847,4,18,1,1,2,2,1,8,3,1,3,0,1,1,0
61,1,9982.5,2,14,,1,2,2,2,5,,0,3,1,0,1,
53,2,49005,4,18,1,1,2,3,1,11,0,1,3,0,0,1,0
64,3,27225,4,19,,1,3,3,2,2,,1,3,1,0,1,
66,3,15427.5,2,14,2,1,2,1,2,1,4,0,3,1,0,1,0
43,1,13612.5,1,13,,1,3,3,1,1,,0,4,0,0,1,
60,3,49005,1,13,,1,1,1,2,1,,0,4,1,0,1,
23,3,4719,2,15,2,2,2,2,1,0,4,0,3,0,0,1,0
66,3,49005,4,18,1,1,1,1,1,1,1,0,1,0,0,0,0
43,1,8167.5,0,11,,1,2,2,2,7,,0,3,1,0,1,
59,3,59895,3,16,,1,1,1,2,1,,1,3,1,1,1,
24,2,9982.5,1,14,1,1,2,3,1,1,2,1,3,0,0,1,0
36,2,2541,2,14,,1,3,3,2,5,,1,2,1,0,0,
26,2,27225,1,12,3,2,2,2,1,4,2,1,3,0,0,1,1
64,2,11797.5,1,12,,1,3,3,2,1,,0,3,1,0,1,
58,3,49005,3,16,4,1,2,3,1,7,1,1,3,0,0,1,0
76,2,,3,16,,1,2,1,2,1,,0,2,1,0,0,
68,3,17242.5,3,16,3,1,3,2,1,3,1,0,2,0,0,0,0
89,3,13612.5,1,12,,1,2,2,2,1,,0,3,1,0,1,
63,2,49005,1,12,3,2,2,2,2,2,2,1,4,1,1,1,0
57,2,8167.5,2,14,,2,2,2,2,0,,0,2,1,0,0,
66,1,9982.5,1,11,3,1,2,3,2,3,8,0,3,1,0,1,0
63,3,59895,4,18,,1,2,1,2,5,,1,3,1,0,1,
75,3,39930,4,20,4,1,1,1,1,1,0,0,4,0,0,1,0
66,3,59895,4,19,,1,2,2,2,1,,0,2,1,0,0,
49,3,72600,4,16,1,1,2,2,2,5,0,1,2,1,1,0,2
57,3,101640,4,18,,1,1,1,1,3,,1,3,0,1,1,
41,2,72600,1,13,,2,1,2,2,6,,1,2,1,0,0,
42,3,49005,4,18,2,1,2,2,2,1,2,1,3,1,0,1,1
38,3,59895,3,16,,1,2,2,1,1,,0,3,0,1,1,
34,2,,1,11,,1,2,3,1,5,,0,2,0,1,0,
39,1,3993,1,10,,1,3,3,2,4,,0,2,1,1,0,
38,1,19965,0,10,3,1,2,3,2,6,0,0,3,1,0,1,3
55,2,27225,1,12,2,,2,2,1,3,1,1,4,0,0,1,1
85,2,49005,4,18,4,1,2,1,1,6,4,0,3,0,1,1,0
32,2,32670,1,14,,1,2,3,1,14,,1,3,0,0,1,
35,1,49005,1,13,1,1,2,2,1,4,1,1,3,0,0,1,2
32,2,27225,1,14,,1,3,2,2,10,,1,3,1,1,1,
67,3,59895,4,18,,1,2,2,2,2,,0,4,1,0,1,
59,2,59895,2,14,2,1,1,2,2,7,2,1,4,1,1,1,2
57,,49005,1,12,,2,2,2,1,1,,0,2,0,1,0,
66,2,49005,1,16,1,2,1,2,2,1,2,0,3,1,0,1,0
35,2,101640,1,14,,2,2,2,1,2,,1,4,0,1,1,
28,3,59895,3,16,,1,2,2,2,2,,1,3,1,1,1,
52,3,116160,4,20,,1,2,2,2,2,,1,3,1,1,1,
89,2,39930,1,12,,1,3,1,1,11,,0,3,0,0,1,
69,2,32670,1,12,3,1,2,2,2,2,3,0,3,1,0,1,1
55,3,19965,1,14,,1,2,2,1,1,,1,3,0,0,1,
48,3,59895,1,13,3,2,1,1,1,3,3,1,3,0,1,1,1
67,3,,1,12,,1,1,1,2,2,,0,3,1,1,1,
66,2,23595,1,12,,2,1,3,2,4,,1,3,1,0,1,
31,1,19965,1,14,2,1,2,3,2,3,4,0,4,1,0,1,0
57,2,,1,12,,1,2,3,2,9,,0,2,1,0,0,
48,2,6534,1,14,,1,3,2,2,13,,0,2,1,0,0,
59,2,8167.5,1,10,,1,3,3,2,5,,0,1,1,0,0,
59,2,5445,0,7,,1,3,1,1,12,,0,1,0,0,0,
37,2,32670,1,14,,1,2,2,1,4,,1,3,0,0,1,
35,1,,1,12,3,1,1,,1,1,2,1,3,0,0,1,0
67,2,27225,1,12,,1,2,2,2,4,,0,3,1,0,1,
30,3,49005,1,14,,1,2,2,1,2,,1,3,0,1,1,
53,3,59895,3,16,,1,2,2,2,2,,0,4,1,1,1,
51,2,19965,1,12,,1,1,2,2,1,,1,4,1,0,1,
80,2,32670,1,12,3,1,1,2,1,3,4,0,3,0,1,1,0
67,2,13612.5,3,16,,1,2,2,2,6,,0,4,1,0,1,
61,3,39930,3,16,,1,1,1,2,1,,0,4,1,1,1,
58,2,49005,1,12,,2,1,3,2,6,,0,3,1,1,1,
25,2,32670,1,12,2,2,2,2,1,3,6,1,3,0,0,1,2
34,2,15427.5,1,12,2,1,2,3,2,3,11,0,3,1,1,1,0
37,3,59895,1,12,,1,3,2,2,1,,1,4,1,0,1,
62,1,49005,1,13,,1,2,2,1,2,,0,1,0,0,0,
65,2,39930,1,12,3,2,1,2,1,2,2,0,3,0,0,1,0
68,2,8167.5,0,8,,1,2,3,2,4,,0,2,1,0,0,
63,1,23595,0,8,,2,2,2,1,6,,0,2,0,1,0,
80,3,87120,3,16,,2,1,2,1,2,15,0,3,0,1,1,0
29,2,39930,2,15,1,2,1,2,2,2,2,1,3,1,0,1,0
75,3,32670,1,12,2,1,1,1,1,1,3,0,4,0,1,1,0
74,3,23595,1,12,,1,3,2,1,2,,0,3,0,0,1,
86,3,49005,1,13,3,1,2,1,2,4,4,0,3,1,1,1,0
81,3,39930,1,12,3,1,2,2,2,2,5,0,4,1,1,1,0
69,2,27225,0,9,,1,1,3,2,7,,0,3,1,1,1,
59,2,,1,12,,2,2,2,1,3,,0,3,0,1,1,
68,2,32670,1,12,3,2,2,2,1,3,5,0,3,0,1,1,0
28,3,32670,3,16,,1,1,1,2,2,,1,3,1,0,1,
30,2,17242.5,1,12,1,1,1,2,2,1,5,1,3,1,1,1,1
30,2,15427.5,2,14,,1,3,2,2,3,,1,4,1,0,1,
50,3,101640,4,18,4,1,2,1,2,2,5,0,1,1,1,0,0
46,3,72600,3,16,2,2,2,2,2,4,5,0,3,1,1,1,5
43,3,72600,1,13,1,1,2,1,2,1,2,1,3,1,1,1,0
27,3,23595,3,16,,2,1,2,1,1,,1,3,0,0,1,
26,2,3993,1,13,,1,1,1,1,7,,1,3,0,0,1,
50,3,87120,4,20,2,1,2,2,2,9,2,0,3,1,1,1,2
23,2,39930,1,16,,1,3,3,1,1,,0,1,0,0,0,
27,3,15427.5,3,18,,2,1,3,1,1,,1,3,0,1,1,
23,2,9982.5,3,16,,1,3,3,2,4,,1,3,1,0,1,
36,3,,3,16,1,1,3,3,2,1,2,0,3,1,1,1,0
28,3,363,2,14,,1,2,2,1,2,,0,3,0,0,1,
39,2,23595,1,12,3,1,2,2,2,0,2,1,2,1,0,0,1
47,2,32670,3,16,,1,3,3,2,6,,1,3,1,0,1,
52,2,49005,4,18,,1,2,2,1,0,,1,4,0,0,1,
60,2,,0,8,2,2,1,3,2,7,1,1,3,1,1,1,0
66,3,87120,4,20,,2,2,1,1,2,,0,2,0,0,0,
31,2,11797.5,2,15,1,2,3,3,2,2,2,0,2,1,0,0,0
68,3,116160,3,16,1,1,1,1,2,2,2,0,4,1,1,1,0
66,2,,0,10,,1,1,1,1,5,,0,2,0,1,0,
81,3,17242.5,1,12,4,2,1,1,1,9,4,0,4,0,0,1,0
56,2,72600,1,12,,2,2,1,2,1,,1,3,1,1,1,
24,1,15427.5,1,12,,1,3,3,2,0,,0,2,1,0,0,
26,3,59895,1,16,1,2,2,2,2,3,2,1,4,1,0,1,0
50,2,39930,3,16,1,1,2,2,2,9,3,1,4,1,0,1,1
19,1,8167.5,2,14,,1,2,2,2,1,,0,2,1,0,0,
74,3,,0,11,1,1,2,2,2,5,6,0,3,1,0,1,0
84,3,1452,1,12,3,1,2,2,2,3,1,0,2,1,0,0,0
40,3,59895,0,11,,1,2,2,2,3,,1,3,1,1,1,
59,2,49005,3,16,,1,1,2,2,5,,1,3,1,1,1,
61,3,,1,14,2,1,1,1,1,9,6,0,3,0,0,1,0
48,2,39930,0,9,,1,2,3,2,5,,1,2,1,0,0,
54,2,39930,1,15,1,1,2,3,2,1,3,0,3,1,0,1,1
41,3,49005,4,18,,1,2,1,2,3,,0,4,1,1,1,
34,2,32670,3,16,4,1,2,2,1,1,2,1,2,0,1,0,3
51,2,,0,9,2,1,3,3,1,2,7,0,1,0,0,0,0
64,2,72600,2,14,1,1,1,1,1,4,4,1,4,0,1,1,2
80,1,15427.5,1,13,,1,3,3,2,2,,0,1,1,0,0,
36,2,,1,12,2,1,2,2,2,4,4,0,3,1,0,1,0
41,2,13612.5,3,16,,1,1,2,2,5,,1,3,1,1,1,
45,3,39930,3,16,2,1,2,1,2,3,2,0,3,1,0,1,0
35,3,27225,1,14,,1,2,3,2,13,,1,3,1,0,1,
51,3,17242.5,1,12,,2,3,3,2,4,,0,3,1,1,1,
76,1,8167.5,0,6,2,1,2,1,1,6,6,0,1,0,0,0,0
26,2,8167.5,1,12,,1,3,3,2,4,,1,3,1,0,1,
31,4,1452,1,12,2,1,3,3,2,4,8,0,3,1,0,1,1
19,2,2541,1,12,,1,3,3,1,3,,0,2,0,0,0,
55,2,32670,2,14,,1,2,3,2,9,,1,3,1,0,1,
52,1,8167.5,1,12,3,1,2,2,2,1,7,0,2,1,0,0,0
67,1,,3,16,2,1,2,3,2,8,9,0,4,1,0,1,0
31,2,11797.5,2,14,,2,1,2,2,1,,1,3,1,1,1,
58,1,3993,1,12,,1,3,3,1,2,,0,1,0,0,0,
83,4,,0,8,3,1,1,3,2,3,3,0,2,1,1,0,0
76,3,32670,2,15,,1,2,1,2,7,,0,4,1,0,1,
58,2,72600,1,12,1,2,2,2,2,5,4,1,2,1,1,0,3
69,3,87120,4,17,,2,1,1,2,5,,0,4,1,1,1,
65,3,39930,1,12,,1,2,1,2,1,,0,3,1,0,1,
49,2,17242.5,1,12,2,2,2,3,1,3,20,0,2,0,1,0,0
76,2,163843.847,1,15,,1,1,1,1,9,,0,2,0,1,0,
28,3,72600,3,16,1,2,1,1,1,2,2,1,4,0,0,1,2
33,2,23595,3,18,,2,2,2,1,1,,1,3,0,0,1,
69,3,27225,1,14,3,2,1,1,2,2,0,0,3,1,0,1,0
39,2,19965,1,14,,1,3,3,2,1,,1,3,1,0,1,
37,2,19965,4,16,2,2,2,3,2,3,4,1,3,1,0,1,1
44,2,27225,1,14,,2,3,3,2,5,,0,2,1,0,0,
36,2,72600,2,16,,1,2,2,2,2,,1,3,1,0,1,
43,,5445,2,14,,2,2,2,1,8,,0,4,0,0,1,
44,2,27225,1,12,2,1,1,1,1,4,6,1,4,0,0,1,0
66,3,59895,4,20,1,1,2,2,2,2,3,1,3,1,0,1,0
75,4,9982.5,0,7,2,2,3,3,2,2,13,0,1,1,0,0,0
73,3,27225,1,12,,1,2,2,2,7,,0,2,1,0,0,
37,3,363,2,15,3,2,2,3,2,3,2,0,3,1,0,1,0
30,2,15427.5,1,14,,1,1,1,1,3,,1,3,0,1,1,
48,3,39930,1,12,,2,2,2,1,5,,1,3,0,1,1,
47,2,49005,1,12,,1,3,1,1,4,,1,2,0,0,0,
67,4,49005,1,13,,1,3,3,1,3,,0,3,0,0,1,
70,,,0,8,2,,1,2,2,6,3,0,3,1,1,1,0
69,3,32670,3,16,,1,2,1,2,4,,0,2,1,0,0,
25,2,,3,16,,1,2,1,2,3,,1,3,1,0,1,
39,3,39930,2,16,2,1,2,2,2,2,1,1,3,1,0,1,1
27,2,15427.5,2,14,1,1,2,1,1,4,2,1,2,0,0,0,0
21,3,,1,12,,2,2,1,2,3,,1,3,1,0,1,
61,2,19965,3,16,2,1,3,2,2,4,2,0,2,1,0,0,1
58,1,15427.5,1,12,,2,3,3,2,11,,0,3,1,0,1,
52,2,32670,3,14,,1,2,3,1,3,,1,2,0,0,0,
61,2,32670,4,18,1,1,1,1,2,0,0,0,4,1,0,1,0
63,2,59895,4,17,,1,1,1,2,2,,0,3,1,1,1,
82,2,9982.5,2,14,2,2,2,2,2,3,5,0,1,1,1,0,0
50,2,39930,1,12,1,2,2,2,1,3,2,1,3,0,1,1,3
55,1,6534,1,14,,1,2,3,2,,,0,1,1,0,0,
19,2,32670,1,13,,1,1,2,1,2,,0,4,0,0,1,
73,3,49005,4,18,2,2,2,1,2,1,2,0,3,1,0,1,0
50,3,11797.5,1,12,,2,3,3,2,1,,0,3,1,0,1,
40,2,32670,1,14,1,2,1,1,2,6,2,1,3,1,0,1,0
41,3,72600,3,15,,1,2,2,1,1,,1,3,0,0,1,
65,4,49005,3,16,3,2,1,2,1,2,16,0,3,0,1,1,0
57,3,59895,1,12,3,2,1,2,1,5,3,1,3,0,1,1,0
86,3,49005,3,16,,2,1,1,1,2,,0,4,0,0,1,
67,3,163843.847,1,18,,,2,1,2,1,,0,3,1,1,1,
32,3,101640,3,16,,1,2,1,1,4,,1,3,0,1,1,
56,1,363,1,12,,2,3,3,2,0,,0,2,1,0,0,
61,3,72600,3,16,1,1,1,3,2,0,0,1,4,1,0,1,1
48,2,49005,2,14,,1,3,2,1,4,,1,4,0,0,1,
65,2,27225,1,14,,1,2,2,1,1,,0,3,0,0,1,
73,3,49005,1,14,,1,2,2,2,3,,0,3,1,1,1,
71,2,32670,1,12,1,1,1,3,2,2,3,0,3,1,1,1,0
78,2,49005,1,12,,1,1,1,1,5,,0,4,0,0,1,
74,4,163843.847,4,20,3,2,1,1,1,4,3,0,3,0,0,1,2
52,2,9982.5,1,16,,2,2,3,2,1,,0,4,1,0,1,
48,3,363,2,14,3,1,3,3,2,3,3,0,2,1,0,0,0
61,3,59895,1,12,,1,1,2,1,3,,0,4,0,1,1,
50,2,32670,3,16,,1,1,3,1,2,,1,3,0,0,1,
36,2,32670,3,16,1,2,2,2,2,11,2,1,4,1,0,1,3
45,1,19965,3,15,,2,3,3,2,28,,0,2,1,0,0,
53,2,15427.5,2,14,1,2,2,2,2,3,5,1,4,1,0,1,0
28,3,,1,12,,2,1,2,1,7,,1,4,0,0,1,
89,3,17242.5,1,12,2,1,2,2,2,3,5,0,3,1,0,1,0
62,3,,1,12,,2,2,3,2,6,,0,2,1,1,0,
43,2,32670,0,9,1,1,3,2,1,8,2,1,2,0,1,0,9
74,2,,3,16,3,1,2,3,2,5,3,0,4,1,0,1,0
37,2,72600,2,16,,1,2,2,2,4,,1,3,1,1,1,
36,2,49005,1,12,2,1,2,2,2,3,1,0,3,1,1,1,1
77,3,32670,1,12,2,1,2,1,2,1,12,0,3,1,0,1,0
57,1,8167.5,0,8,,1,3,3,1,3,,0,1,0,0,0,
40,2,59895,2,14,1,1,1,3,2,6,0,1,3,1,1,1,0
53,3,72600,1,13,,1,1,1,2,3,,0,3,1,1,1,
44,2,49005,1,12,2,2,1,3,1,1,4,1,2,0,1,0,0
49,2,13612.5,1,15,,2,2,3,1,1,,1,3,0,0,1,
27,2,23595,1,12,1,2,2,3,2,1,2,0,3,1,1,1,1
24,2,19965,1,12,,2,2,1,1,1,,1,3,0,0,1,
44,3,116160,4,17,,1,2,1,2,0,,0,3,1,1,1,
79,3,19965,1,14,2,1,3,3,1,2,4,1,3,0,0,1,0
70,3,1452,1,12,1,1,2,2,1,7,7,0,2,0,0,0,0
33,2,32670,1,14,,1,2,3,1,3,,0,2,0,0,0,
71,3,32670,4,20,,1,2,2,2,4,,0,3,1,0,1,
78,2,27225,0,11,3,1,2,1,2,2,6,0,3,1,0,1,0
42,2,32670,1,15,,2,1,3,2,0,,1,3,1,0,1,
76,2,13612.5,1,13,,1,3,2,1,4,,0,3,0,0,1,
73,3,32670,4,18,1,1,1,1,2,0,4,0,3,1,0,1,1
51,3,59895,0,10,,2,1,1,2,4,,0,3,1,1,1,
58,3,,2,14,,1,2,2,2,4,,0,2,1,1,0,
71,4,,0,8,3,1,2,3,2,13,3,0,2,1,0,0,0
64,2,15427.5,1,14,,2,3,3,2,13,,0,3,1,0,1,
85,2,6534,0,9,,1,3,2,2,7,,0,2,1,0,0,
62,2,39930,1,12,3,1,3,2,1,3,2,1,1,0,1,0,0
38,1,8167.5,2,13,,1,2,3,1,5,,0,3,0,0,1,
66,2,23595,1,12,3,2,2,1,1,9,4,0,3,0,0,1,1
58,3,49005,1,12,,2,1,2,2,3,,1,3,1,1,1,
65,4,163843.847,4,18,2,1,2,2,1,1,4,1,3,0,1,1,1
72,3,49005,1,15,,2,2,1,1,9,,0,3,0,0,1,
68,2,101640,3,16,1,2,2,2,1,1,2,0,4,0,1,1,0
75,3,19965,1,12,,2,2,2,2,11,,0,3,1,0,1,
54,1,13612.5,1,10,2,1,3,3,2,9,4,0,3,1,0,1,0
79,3,15427.5,1,14,,1,2,2,2,2,,0,2,1,1,0,
71,3,59895,1,20,2,1,3,1,2,3,5,0,3,1,0,1,0
39,3,19965,4,18,,1,2,2,1,2,2,0,4,0,0,1,0
49,3,,3,17,,,2,1,2,2,,0,4,1,1,1,
43,3,72600,1,14,3,2,2,2,1,2,3,1,2,0,1,0,0
76,3,59895,4,20,3,1,1,1,1,1,3,0,3,0,1,1,1
70,2,59895,1,14,,1,2,2,2,2,,0,2,1,0,0,
27,3,,1,13,2,2,2,3,1,3,1,0,3,0,0,1,4
52,3,87120,4,18,,2,2,2,1,1,,1,3,0,1,1,
38,1,15427.5,2,14,3,1,3,3,2,2,4,1,1,1,0,0,0
63,3,15427.5,2,13,,1,2,2,2,4,,1,2,1,0,0,
35,2,87120,1,13,2,1,2,3,2,1,4,1,3,1,1,1,1
41,2,39930,1,14,1,1,2,1,2,2,1,1,3,1,1,1,2
65,1,8167.5,3,16,1,1,3,3,2,2,4,0,1,1,0,0,0
25,2,27225,1,13,,1,1,2,2,3,,0,4,1,0,1,
54,3,19965,1,12,,1,3,3,2,3,,0,3,1,1,1,
58,3,59895,1,12,2,1,1,2,1,6,2,1,3,0,1,1,2
66,1,1452,0,9,,1,2,2,1,4,,0,2,0,0,0,
39,2,27225,1,15,,1,2,3,2,2,,1,2,1,0,0,
47,3,49005,4,20,2,1,2,2,2,2,5,1,2,1,0,0,0
28,2,,1,10,,1,3,3,1,3,,0,3,0,0,1,
76,1,6534,0,11,3,2,3,3,2,5,5,0,2,1,0,0,0
35,2,19965,2,14,2,2,2,2,2,5,1,0,3,1,0,1,0
54,2,6534,1,14,4,2,2,3,2,6,3,0,2,1,0,0,1
55,2,363,1,10,,2,3,3,1,8,,0,1,0,0,0,
72,1,15427.5,0,11,2,1,1,1,1,5,5,0,3,0,1,1,1
67,3,39930,3,16,1,1,2,2,2,2,2,1,4,1,0,1,2
51,1,6534,0,10,2,1,2,3,1,8,6,0,2,0,1,0,1
55,3,9982.5,1,14,,1,2,2,1,2,,0,2,0,0,0,
25,2,2541,1,10,1,,2,3,2,3,3,0,3,1,0,1,0
64,3,27225,3,16,,1,1,2,2,21,,0,2,1,1,0,
43,2,23595,1,12,2,2,1,1,1,2,1,1,3,0,0,1,1
62,2,49005,1,14,,2,1,1,1,3,,1,3,0,1,1,
39,2,39930,1,13,2,1,2,2,2,3,2,1,3,1,0,1,1
79,3,,1,12,,1,2,1,2,9,,0,2,1,1,0,
80,3,87120,4,18,,1,1,1,2,2,,0,4,1,0,1,
27,2,15427.5,1,14,1,1,2,2,2,7,3,1,1,1,0,0,1
42,2,,1,13,,1,3,2,2,4,,1,2,1,0,0,
72,3,363,0,8,,2,2,2,1,1,,0,3,0,1,1,
22,2,3993,1,15,1,1,2,2,2,8,0,0,4,1,0,1,0
47,2,19965,1,12,,1,2,2,1,3,,1,2,0,0,0,
50,3,,3,16,1,1,1,2,1,5,5,1,3,0,0,1,1
46,1,13612.5,3,16,,1,3,3,1,2,,0,2,0,1,0,
57,2,59895,1,12,,1,2,2,2,4,,1,2,1,1,0,
36,3,72600,1,12,3,2,1,1,2,2,1,0,3,1,1,1,1
23,2,27225,1,12,,1,2,3,1,3,,1,3,0,0,1,
70,3,,1,14,,1,3,2,2,5,,0,2,1,0,0,
82,2,27225,0,7,2,1,1,2,2,3,5,0,2,1,0,0,1
65,3,163843.847,1,12,2,2,2,1,2,4,2,0,3,1,1,1,0
25,3,,0,12,,2,3,2,1,1,,0,2,0,0,0,
28,2,11797.5,1,11,2,1,2,3,2,3,2,1,2,1,0,0,1
34,3,32670,1,11,4,2,2,2,1,12,4,1,2,0,1,0,0
33,4,163843.847,4,19,,1,1,1,1,3,,0,4,0,1,1,
52,3,163843.847,4,16,,1,1,1,1,3,,1,4,0,1,1,
81,3,27225,1,12,1,1,1,2,2,7,6,0,2,1,0,0,0
57,2,32670,1,13,4,1,1,3,2,2,3,0,3,1,1,1,0
70,2,72600,4,16,,1,2,1,2,2,,0,4,1,0,1,
26,3,72600,1,12,,2,2,1,1,2,,1,4,0,1,1,
58,3,,0,10,,,3,2,2,4,,0,1,1,0,0,
26,2,72600,3,17,1,1,2,2,2,1,1,1,3,1,1,1,2
57,2,19965,1,12,,1,1,2,1,4,,1,3,0,0,1,
88,2,3267,1,12,3,2,2,2,2,3,4,0,2,1,0,0,0
73,2,15427.5,1,12,4,,2,2,2,10,3,0,2,1,1,0,0
27,3,87120,3,16,2,1,3,2,1,2,2,1,3,0,1,1,0
27,2,59895,1,12,,2,2,1,1,1,,1,4,0,1,1,
25,2,23595,3,16,2,2,2,3,2,1,4,0,3,1,1,1,0
84,2,,3,16,3,1,1,,1,1,2,1,2,0,1,0,0
33,1,363,0,11,1,1,3,1,2,1,2,0,2,1,0,0,0
69,2,49005,2,15,,1,2,2,2,3,,1,3,1,1,1,
40,1,13612.5,2,14,2,2,3,2,1,6,6,0,1,0,0,0,0
74,3,1452,1,14,4,1,1,2,2,2,0,0,3,1,0,1,0
60,2,19965,1,12,,1,2,2,2,2,,0,2,1,0,0,
61,2,32670,1,13,,1,3,2,1,1,,1,2,0,0,0,
29,3,,3,19,2,2,1,1,2,2,2,0,4,1,1,1,0
37,2,23595,1,9,,1,2,3,1,1,,1,1,0,0,0,
20,2,39930,1,13,2,1,2,2,2,7,1,1,3,1,0,1,1
83,3,17242.5,1,12,,1,2,2,2,5,,0,1,1,0,0,
60,2,9982.5,1,14,2,1,2,3,1,2,6,0,1,0,0,0,0
42,2,39930,1,14,,1,1,2,2,1,,0,3,1,1,1,
44,3,59895,3,16,3,2,2,2,1,1,2,1,3,0,1,1,2
37,3,39930,3,16,2,1,2,2,2,1,2,0,3,1,1,1,1
62,3,163843.847,2,16,1,2,2,1,2,23,12,0,4,1,0,1,0
33,2,49005,4,18,1,2,2,1,1,3,2,1,2,0,1,0,2
30,3,163843.847,2,15,2,2,1,1,1,2,3,1,4,0,1,1,2
78,4,163843.847,4,20,,1,2,1,1,3,,0,4,0,1,1,
62,2,32670,2,14,2,1,2,2,1,4,3,0,4,0,1,1,0
41,3,39930,3,16,,2,3,2,2,3,,0,2,1,0,0,
71,2,,3,16,1,1,1,1,2,1,4,0,3,1,1,1,0
24,2,32670,1,14,,2,2,2,1,3,,0,3,0,0,1,
42,2,8167.5,1,12,,1,3,2,1,6,,0,1,0,0,0,
59,2,32670,1,12,,1,2,2,1,3,,0,2,0,0,0,
67,3,39930,3,16,,1,1,1,2,6,,0,4,1,1,1,
44,2,49005,1,13,3,1,2,2,2,9,0,1,4,1,1,1,2
67,2,17242.5,1,12,,1,1,2,2,5,,0,2,1,1,0,
22,3,8167.5,1,12,1,1,2,2,2,9,5,0,3,1,0,1,1
23,1,5445,1,12,3,2,3,3,1,1,0,1,2,0,0,0,0
33,3,72600,3,16,2,1,1,1,1,2,1,1,4,0,1,1,1
89,2,9982.5,0,12,3,1,1,3,2,4,3,0,3,1,0,1,0
58,3,49005,1,12,,2,1,2,2,2,,0,3,1,1,1,
63,2,87120,1,12,2,1,1,1,2,1,1,1,4,1,1,1,0
27,4,,0,11,,1,2,2,2,4,,0,4,1,0,1,
47,2,8167.5,1,15,,2,1,3,2,0,,1,3,1,0,1,
21,1,1452,1,12,,2,2,3,2,5,,0,4,1,0,1,
26,2,59895,1,14,1,1,1,2,1,3,4,0,3,0,0,1,1
35,2,39930,1,11,,2,2,3,1,2,,1,3,0,1,1,
40,1,8167.5,1,12,,1,3,3,1,1,,0,2,0,0,0,
38,2,39930,1,17,,2,1,1,2,4,,0,4,1,1,1,
38,1,23595,1,16,3,,3,3,1,9,2,1,3,0,1,1,0
32,2,19965,3,16,,2,3,2,1,2,,0,4,0,0,1,
60,4,116160,4,19,1,1,1,1,1,4,1,0,4,0,1,1,1
64,3,72600,2,15,,1,1,1,2,7,,1,4,1,0,1,
65,3,72600,1,13,1,1,1,1,1,4,1,0,3,0,1,1,3
41,3,163843.847,3,16,,1,2,2,2,1,,1,4,1,1,1,
83,3,27225,1,13,2,1,2,1,2,1,7,0,3,1,0,1,0
62,3,59895,4,18,,1,2,2,2,1,,1,3,1,0,1,
52,2,32670,1,12,,1,3,3,1,3,,0,3,0,0,1,
52,2,87120,4,18,,1,2,2,1,1,,1,3,0,0,1,
54,3,101640,3,16,1,1,2,2,2,2,1,1,4,1,1,1,1
86,3,72600,4,20,,1,2,1,1,3,,0,2,0,1,0,
42,3,87120,4,20,,2,2,2,1,3,,1,3,0,1,1,
21,2,13612.5,1,12,1,1,1,2,1,2,6,1,2,0,0,0,1
41,1,23595,1,12,,1,3,3,2,6,,1,2,1,0,0,
57,4,163843.847,4,18,2,1,2,1,1,1,0,0,3,0,1,1,0
23,2,32670,1,13,,1,2,2,1,2,,1,3,0,0,1,
46,3,59895,4,18,,2,2,2,1,4,,1,3,0,1,1,
57,2,49005,1,12,2,2,2,1,1,3,1,1,2,0,0,0,0
66,2,39930,1,12,,1,2,1,2,6,,0,4,1,1,1,
42,3,39930,1,12,,2,1,2,1,1,,1,2,0,1,0,
60,2,39930,1,13,2,1,2,3,1,4,3,1,3,0,1,1,0
33,3,72600,1,12,,2,1,1,1,1,,1,4,0,1,1,
84,3,,1,12,2,1,2,2,2,2,6,0,2,1,0,0,0
63,2,49005,2,13,,1,1,1,2,7,,0,3,1,1,1,
22,2,,3,16,,1,1,,1,2,,0,4,0,0,1,
69,3,59895,4,19,2,1,1,1,1,2,2,0,3,0,1,1,0
53,2,,3,16,,1,2,1,1,2,,1,4,0,0,1,
35,2,15427.5,1,9,,1,2,2,2,5,,1,3,1,0,1,
60,2,87120,3,16,2,1,2,2,2,7,2,0,3,1,1,1,0
65,2,39930,1,12,,1,2,3,2,3,,0,3,1,1,1,
67,2,,1,12,2,1,2,3,2,2,5,0,2,1,1,0,0
70,2,13612.5,1,12,2,1,2,1,1,14,5,0,2,0,0,0,0
30,2,72600,2,15,1,1,2,3,1,2,1,1,3,0,1,1,1
31,1,13612.5,3,17,,2,3,3,2,7,,0,3,1,0,1,
35,2,87120,1,12,3,2,1,1,1,1,1,1,2,0,1,0,2
72,2,32670,1,12,2,1,1,1,2,1,10,0,3,1,0,1,0
56,1,8167.5,1,12,,2,3,3,2,2,,0,1,1,0,0,
68,3,27225,4,18,1,1,2,2,2,1,3,0,4,1,0,1,1
61,3,19965,1,13,,1,1,1,2,16,,0,1,1,1,0,
32,2,39930,1,14,,1,2,2,1,3,,1,4,0,1,1,
29,2,1452,0,11,,1,3,3,2,1,,0,1,1,0,0,
57,3,49005,1,13,2,2,2,2,1,4,2,1,4,0,0,1,0
50,2,2541,1,13,,1,2,3,2,2,,0,1,1,0,0,
76,3,39930,3,16,2,1,1,2,2,5,4,0,3,1,1,1,1
53,3,49005,3,17,,2,3,1,2,2,,0,2,1,1,0,
21,2,32670,1,12,,1,1,2,2,1,,0,2,1,0,0,
53,3,101640,1,14,3,2,2,1,1,2,2,1,3,0,1,1,2
47,3,101640,3,16,2,2,2,2,2,2,2,1,4,1,1,1,0
59,3,15427.5,3,16,,1,2,1,2,1,,0,4,1,0,1,
65,3,49005,3,17,2,2,1,1,1,4,0,1,3,0,1,1,0
41,2,17242.5,0,10,,1,2,3,1,3,,1,2,0,1,0,
61,2,59895,1,12,1,1,2,2,2,4,5,1,2,1,1,0,0
32,3,72600,3,20,,1,1,1,2,2,,1,4,1,1,1,
78,2,17242.5,1,12,,1,3,1,2,11,,0,3,1,0,1,
58,1,49005,1,12,2,1,2,2,1,5,2,1,3,0,1,1,0
46,3,6534,1,14,2,2,2,2,1,13,4,0,3,0,0,1,0
80,2,17242.5,1,12,3,2,1,1,1,7,3,0,3,0,1,1,0
85,2,,1,12,2,1,2,2,2,5,5,0,2,1,0,0,0
42,3,32670,1,11,2,2,2,2,1,1,4,1,2,0,0,0,0
29,2,15427.5,1,12,2,2,2,2,2,6,3,1,3,1,0,1,1
61,1,17242.5,1,12,,1,3,3,2,4,,1,1,1,0,0,
35,2,15427.5,0,8,,1,2,3,2,14,,1,3,1,0,1,
63,2,59895,2,14,1,1,1,2,2,2,4,1,3,1,1,1,1
67,2,27225,1,14,2,1,1,1,1,10,3,0,4,0,0,1,1
27,1,163843.847,0,11,,1,2,2,2,2,,1,2,1,0,0,
47,1,32670,2,16,,2,3,3,2,12,,0,4,1,1,1,
36,2,32670,1,11,,1,2,3,2,0,,1,2,1,1,0,
81,3,59895,1,13,,1,1,1,1,4,,1,4,0,1,1,
76,3,39930,3,16,,1,1,2,2,7,,0,4,1,1,1,
23,2,13612.5,1,12,,1,2,3,2,0,,0,2,1,0,0,
71,1,3993,0,8,3,1,2,2,1,4,2,0,3,0,0,1,0
30,1,17242.5,1,12,,1,3,3,1,7,,1,4,0,1,1,
48,2,87120,2,14,1,1,2,2,2,1,2,1,3,1,1,1,3
71,3,17242.5,1,12,1,1,2,2,2,3,6,0,4,1,0,1,0
25,2,17242.5,1,11,,1,2,1,1,4,,1,2,0,0,0,
23,2,27225,1,14,,1,1,2,1,0,,1,4,0,0,1,
53,2,49005,1,14,1,1,2,2,2,1,3,1,3,1,1,1,0
63,1,17242.5,1,12,,,2,2,2,6,,0,3,1,0,1,
60,2,32670,1,12,2,1,2,2,2,13,1,1,3,1,0,1,0
78,3,32670,1,12,,2,1,1,2,6,,0,4,1,0,1,
49,2,59895,1,13,2,1,2,3,2,4,2,1,3,1,1,1,0
31,3,101640,4,19,,,2,1,2,1,,1,4,1,1,1,
67,4,163843.847,4,17,,1,2,1,1,4,,1,3,0,1,1,
24,3,23595,3,16,1,1,1,1,2,3,2,1,4,1,0,1,0
29,3,87120,4,18,,1,1,1,1,1,,1,3,0,1,1,
77,3,15427.5,0,12,1,1,1,2,2,5,10,0,2,1,0,0,1
25,2,32670,3,18,,1,2,1,1,1,,1,2,0,0,0,
50,3,11797.5,4,20,2,1,3,3,1,2,3,1,2,0,0,0,0
78,2,27225,1,14,,2,2,2,2,4,,0,4,1,1,1,
67,3,72600,1,14,2,1,2,1,1,2,1,1,3,0,1,1,0
65,2,32670,1,12,1,2,2,1,2,1,10,0,3,1,1,1,0
67,3,27225,1,12,,1,2,1,2,1,,0,2,1,0,0,
34,1,39930,1,12,1,1,2,3,1,2,6,0,2,0,0,0,0
39,2,17242.5,1,10,,1,2,2,2,10,,0,2,1,1,0,
76,3,59895,1,12,2,1,1,1,2,0,3,0,4,1,0,1,1
69,3,8167.5,4,17,,1,3,2,2,4,,0,3,1,0,1,
89,3,,2,15,2,1,2,1,2,11,5,0,2,1,1,0,0
67,2,19965,1,12,,1,2,2,1,3,,1,3,0,0,1,
64,1,9982.5,2,14,1,1,2,2,1,2,12,0,3,0,0,1,0
32,2,4719,1,10,1,1,2,2,1,9,2,1,1,0,0,0,1
48,1,9982.5,1,12,1,2,2,3,1,3,12,0,3,0,0,1,0
64,2,8167.5,1,14,,1,2,1,2,3,,0,3,1,0,1,
46,2,101640,1,12,2,1,2,2,1,9,1,1,3,0,1,1,2
86,3,,1,13,,1,2,2,1,5,,0,2,0,1,0,
20,2,32670,1,14,1,1,2,3,2,4,3,0,3,1,0,1,1
65,3,59895,3,17,,1,2,2,1,4,,0,4,0,1,1,
63,2,32670,1,12,1,2,2,2,1,7,4,0,3,0,1,1,0
21,2,27225,1,13,2,1,2,2,1,2,4,1,3,0,0,1,1
40,2,49005,1,12,,1,2,3,1,2,,0,3,0,0,1,
68,1,6534,1,12,,1,3,3,2,4,,0,1,1,0,0,
32,3,27225,3,16,2,1,2,1,1,8,1,1,4,0,1,1,2
57,2,,0,10,,2,2,1,1,6,,0,3,0,1,1,
55,3,23595,0,11,,1,3,2,2,5,,0,1,1,0,0,
18,3,49005,0,11,,1,3,1,1,1,,0,4,0,0,1,
27,2,39930,2,16,,2,1,2,1,1,,1,3,0,1,1,
41,3,116160,3,17,,2,1,1,2,1,,1,4,1,1,1,
20,1,11797.5,1,12,2,2,2,3,2,3,0,0,3,1,0,1,2
53,2,1452,1,12,,1,1,2,2,3,,1,3,1,0,1,
49,3,11797.5,1,12,,1,2,3,1,12,,0,3,0,0,1,
61,1,3267,1,15,,1,2,3,1,3,,0,2,0,0,0,
77,2,11797.5,1,9,,1,3,2,2,9,,0,2,1,0,0,
70,1,11797.5,0,7,1,1,1,3,2,6,6,0,2,1,0,0,0
51,2,3993,1,10,1,1,2,3,2,6,4,0,4,1,0,1,0
49,3,27225,1,12,,1,1,2,1,11,,1,2,0,1,0,
56,1,17242.5,1,12,2,2,3,3,1,4,5,0,1,0,1,0,0
41,2,11797.5,1,12,,1,3,2,2,3,,1,3,1,0,1,
42,2,59895,0,11,1,2,1,2,1,9,2,1,4,0,1,1,1
65,1,8167.5,1,10,,1,3,3,1,4,,0,2,0,0,0,
44,3,101640,2,14,1,1,1,2,2,7,3,1,3,1,1,1,0
79,3,116160,1,14,,,3,1,2,2,,0,2,1,0,0,
46,2,101640,0,8,,,3,2,2,12,,0,3,1,1,1,
72,3,13612.5,1,12,2,2,2,3,1,3,4,0,2,0,1,0,0
56,3,49005,1,12,1,1,2,1,2,3,2,1,3,1,1,1,1
53,2,49005,1,12,1,2,2,1,1,1,5,1,2,0,1,0,0
33,2,101640,0,10,,2,2,2,1,5,,1,3,0,1,1,
56,3,49005,1,12,1,1,2,2,2,2,4,1,3,1,0,1,1
59,3,72600,3,20,1,2,2,2,1,3,5,0,2,0,1,0,1
59,2,,2,14,,1,3,3,2,2,,1,2,1,0,0,
52,4,32670,3,16,1,1,2,2,2,1,2,1,3,1,0,1,1
27,3,11797.5,1,12,2,1,2,3,1,2,3,0,2,0,0,0,0
70,2,59895,3,16,,1,2,2,1,3,,1,4,0,1,1,
38,2,3993,0,10,2,1,3,3,2,5,2,0,2,1,0,0,0
54,2,101640,0,10,2,1,2,1,2,10,4,0,2,1,1,0,0
21,2,19965,0,11,,1,2,3,2,3,,0,2,1,0,0,
83,3,6534,0,6,2,2,2,2,1,9,3,0,2,0,0,0,0
46,2,17242.5,2,14,,1,2,2,2,4,,1,4,1,1,1,
24,2,72600,1,12,,2,1,1,1,2,,1,3,0,0,1,
37,3,59895,0,12,,1,3,2,1,1,,1,3,0,0,1,
47,2,59895,1,12,3,1,2,2,2,4,2,0,3,1,1,1,1
24,2,13612.5,1,13,,2,1,2,2,1,,1,3,1,0,1,
66,2,39930,1,12,,2,2,2,1,13,,1,3,0,1,1,
58,2,49005,1,12,2,1,3,3,1,3,2,0,3,0,1,1,0
48,2,27225,3,17,3,1,1,2,1,5,2,0,1,0,1,0,2
54,2,49005,1,14,,1,2,3,2,2,,1,2,1,0,0,
65,1,,0,9,,1,3,2,2,5,,0,2,1,0,0,
59,2,27225,0,6,1,1,1,2,2,8,2,0,2,1,1,0,0
54,2,72600,1,12,,2,1,2,1,4,,1,3,0,1,1,
29,2,32670,1,14,2,1,1,2,2,2,1,1,3,1,1,1,1
35,2,15427.5,0,11,1,1,2,2,2,3,4,1,3,1,0,1,1
68,2,72600,3,16,,1,3,3,1,1,,0,3,0,1,1,
55,2,23595,0,6,,2,1,2,1,15,,1,2,0,1,0,
78,3,1452,3,16,2,1,3,2,1,2,1,0,2,0,0,0,1
71,4,59895,3,16,1,2,2,1,1,1,1,0,3,0,1,1,0
64,3,101640,4,20,,2,1,1,1,2,,0,3,0,1,1,
44,2,163843.847,0,11,3,1,2,2,1,9,4,0,3,0,1,1,0
25,2,39930,1,14,1,1,1,1,2,2,3,1,3,1,1,1,1
30,2,39930,1,16,,2,1,2,1,1,,1,3,0,0,1,
76,2,49005,1,12,2,1,1,2,1,2,8,0,3,0,1,1,0
51,2,59895,1,12,2,1,2,1,1,3,2,1,3,0,1,1,0
35,3,72600,3,16,2,1,1,2,1,2,2,1,3,0,1,1,1
22,2,23595,1,14,3,1,2,2,2,5,6,1,3,1,0,1,1
25,1,363,3,16,,1,2,3,2,2,,0,3,1,0,1,
59,3,49005,4,19,1,1,2,2,2,2,2,1,3,1,0,1,1
84,4,13612.5,3,16,,2,1,2,1,3,,0,4,0,0,1,
55,3,8167.5,0,8,,1,3,2,2,5,,0,1,1,0,0,
79,3,4719,0,12,,2,3,2,1,7,,0,2,0,0,0,
61,2,32670,1,16,1,1,2,3,1,1,10,1,1,0,0,0,0
26,2,3267,1,9,,2,3,2,2,3,,1,2,1,0,0,
57,2,27225,1,12,,2,3,2,2,8,,0,3,1,0,1,
38,3,101640,3,16,3,2,1,2,1,1,2,1,4,0,1,1,0
51,2,27225,1,11,,1,3,2,1,3,,0,1,0,0,0,
22,3,,0,10,1,2,3,3,1,3,5,0,2,0,0,0,5
46,2,32670,2,20,3,1,2,3,2,1,4,1,3,1,0,1,2
80,1,9982.5,3,16,,1,2,2,2,3,,0,3,1,0,1,
31,2,9982.5,1,12,1,2,2,3,1,6,3,1,4,0,0,1,1
53,2,87120,1,12,,1,1,1,1,6,,1,4,0,0,1,
63,,15427.5,3,20,,1,3,3,2,1,,0,3,1,0,1,
44,3,101640,4,18,3,2,2,1,1,1,1,1,3,0,1,1,1
75,3,,4,18,,1,2,1,1,3,,0,3,0,0,1,
54,3,72600,3,16,,2,1,1,2,2,,0,4,1,1,1,
31,3,72600,3,16,3,2,2,1,1,0,2,0,3,0,0,1,3
48,3,49005,1,12,,1,1,2,2,4,,0,3,1,1,1,
58,3,101640,3,16,2,1,1,1,2,3,1,0,4,1,1,1,0
50,2,39930,4,18,,1,2,3,2,2,,1,3,1,0,1,
62,3,116160,4,18,,1,1,2,2,2,,1,4,1,0,1,
30,3,59895,3,16,,1,2,1,2,4,,1,3,1,1,1,
35,2,8167.5,0,9,2,1,3,2,1,3,6,0,3,0,0,1,2
68,3,5445,3,16,,1,2,2,1,4,,0,4,0,0,1,
36,3,116160,4,18,1,1,1,1,2,1,1,1,3,1,1,1,9
58,2,23595,1,13,,1,3,1,2,7,,0,3,1,0,1,
22,2,19965,1,12,,2,2,3,1,3,,0,3,0,0,1,
37,3,32670,1,13,2,2,2,2,2,2,2,1,3,1,1,1,1
30,1,23595,1,13,,1,1,2,2,0,,0,3,1,0,1,
61,2,72600,1,14,,1,1,2,1,4,,1,4,0,1,1,
21,2,,1,12,2,1,2,3,2,0,4,1,2,1,0,0,0
39,2,23595,0,4,,,,1,2,9,,0,2,1,1,0,
46,2,11797.5,1,15,,1,2,3,1,5,,0,2,0,0,0,
64,2,23595,1,12,2,1,2,1,2,9,2,0,3,1,1,1,0
49,3,49005,0,1,,1,1,2,1,9,,1,2,0,1,0,
42,2,27225,0,6,2,1,2,2,2,8,1,1,3,1,1,1,1
53,1,,0,11,,1,1,3,1,6,,0,2,0,0,0,
68,3,32670,1,12,,1,2,1,1,10,,0,3,0,1,1,
19,3,,1,12,2,1,2,3,1,4,0,0,2,0,0,0,5
52,3,101640,3,16,,1,1,1,2,1,,1,3,1,1,1,
66,3,,2,14,2,1,1,2,2,11,3,0,4,1,0,1,1
33,2,49005,0,9,3,1,1,1,1,13,2,1,3,0,1,1,2
29,2,15427.5,1,11,,1,3,1,1,4,,0,2,0,0,0,
37,2,13612.5,1,12,2,1,1,2,1,9,2,1,3,0,0,1,3
22,2,13612.5,1,16,1,2,1,2,2,6,2,0,3,1,0,1,2
21,2,2541,1,12,,1,2,2,1,7,,0,1,0,0,0,
49,1,363,0,6,,1,1,3,1,6,,0,1,0,0,0,
64,1,15427.5,4,15,1,2,1,2,2,7,2,0,4,1,1,1,0
34,2,39930,3,16,,1,1,2,1,7,,1,3,0,1,1,
36,2,23595,1,13,1,1,2,2,2,1,6,1,3,1,1,1,1
30,1,9982.5,0,11,,1,2,3,2,4,,0,3,1,0,1,
67,3,9982.5,1,15,1,1,1,2,1,0,8,0,3,0,0,1,0
33,2,15427.5,0,8,2,1,1,2,1,11,1,0,2,0,0,0,1
86,3,19965,3,20,3,2,1,1,2,4,10,0,3,1,0,1,0
29,2,39930,2,16,1,2,1,2,2,2,0,1,4,1,0,1,3
69,2,59895,1,13,,2,2,2,1,4,,0,2,0,1,0,
31,2,19965,1,12,3,1,2,3,2,3,2,1,2,1,0,0,0
67,3,8167.5,0,12,1,2,1,2,1,3,1,0,3,0,0,1,4
61,2,49005,1,12,2,2,1,3,1,3,3,0,2,0,1,0,1
56,3,59895,2,14,2,1,2,2,2,2,2,1,3,1,1,1,2
37,3,101640,3,17,,1,2,1,2,3,,1,3,1,1,1,
67,2,11797.5,1,12,,2,3,3,1,7,,0,2,0,0,0,
61,,,3,17,2,2,2,2,2,1,2,1,3,1,0,1,0
42,2,59895,1,12,,2,1,1,1,3,,1,3,0,1,1,
56,3,19965,4,20,,1,2,3,2,2,,1,2,1,0,0,
68,3,59895,4,18,1,1,1,3,2,2,8,0,3,1,0,1,0
62,2,32670,3,16,,1,2,1,2,2,,1,4,1,0,1,
69,3,,0,11,1,2,1,2,2,11,5,0,4,1,0,1,0
63,3,72600,3,16,3,2,2,1,1,3,2,0,4,0,1,1,0
20,3,,1,14,1,2,2,2,2,3,2,0,3,1,0,1,1
24,2,5445,3,16,2,2,1,2,2,3,1,0,4,1,0,1,0
35,2,59895,4,19,,2,1,3,2,4,,0,4,1,1,1,
52,3,72600,1,15,2,2,2,2,1,3,2,1,3,0,1,1,0
43,3,59895,3,16,,2,3,1,2,2,,1,4,1,1,1,
77,3,27225,3,17,2,1,2,2,1,2,2,0,3,0,1,1,0
22,2,,1,15,,1,1,2,1,2,,0,3,0,0,1,
21,3,3993,1,15,,1,2,2,2,5,,0,3,1,0,1,
58,3,72600,4,18,,1,1,1,2,1,,1,4,1,1,1,
23,2,,1,15,2,2,2,3,1,3,1,0,3,0,0,1,0
70,3,87120,1,13,2,2,1,2,1,2,2,0,4,0,1,1,1
45,1,9982.5,0,9,,1,2,3,1,7,,1,3,0,0,1,
23,2,8167.5,1,15,2,1,2,1,1,2,2,0,3,0,0,1,0
70,3,19965,1,13,1,1,2,1,1,1,10,0,2,0,0,0,0
85,2,11797.5,0,10,,1,3,2,1,5,,0,3,0,0,1,
62,2,,1,12,,2,2,2,2,43,,0,2,1,1,0,
51,2,59895,1,14,,2,1,2,2,3,,0,3,1,0,1,
20,2,19965,1,13,,1,2,1,2,2,,0,2,1,0,0,
26,1,8167.5,1,11,1,2,3,3,1,4,2,0,3,0,0,1,0
46,3,72600,4,20,2,1,1,1,2,3,0,1,4,1,0,1,2
25,1,17242.5,1,15,,1,1,2,2,6,,0,3,1,1,1,
69,2,32670,3,16,2,1,2,3,1,2,4,0,2,0,0,0,1
62,3,,1,12,1,1,1,1,2,2,4,0,4,1,0,1,0
65,3,59895,0,7,1,1,1,1,2,6,4,0,3,1,0,1,0
25,2,19965,1,12,,2,2,2,1,5,,1,2,0,0,0,
55,3,17242.5,1,14,2,1,2,3,1,4,4,0,2,0,0,0,0
39,3,116160,3,16,1,1,2,2,2,1,0,1,4,1,1,1,9
48,3,39930,1,12,3,2,2,2,1,4,0,0,4,0,0,1,1
46,1,15427.5,0,3,,2,2,3,2,12,,1,1,1,1,0,
73,3,72600,1,15,1,2,1,2,1,5,3,0,2,0,1,0,0
78,2,23595,1,14,2,,2,1,1,8,4,0,3,0,0,1,0
56,2,87120,1,14,,,2,2,1,7,,0,3,0,1,1,
50,3,163843.847,1,12,,2,1,1,2,2,,1,4,1,1,1,
57,1,15427.5,1,12,1,2,3,3,2,1,24,1,3,1,0,1,0
31,2,17242.5,1,14,4,1,2,2,2,3,1,1,3,1,1,1,0
73,3,49005,3,19,,1,1,3,1,1,,0,4,0,0,1,
67,2,32670,2,14,,2,2,1,1,1,,1,4,0,1,1,
81,2,8167.5,0,10,2,1,1,3,1,5,7,0,4,0,0,1,0
71,3,32670,4,20,,1,2,1,2,3,,0,3,1,0,1,
55,1,2541,1,13,,1,3,3,2,3,,0,4,1,0,1,
37,2,19965,1,13,1,1,2,3,2,2,0,1,3,1,1,1,9
43,2,23595,0,6,,2,1,2,2,10,,0,1,1,1,0,
42,2,39930,1,12,2,2,2,3,1,2,0,1,3,0,1,1,1
49,2,163843.847,1,15,3,1,3,2,2,2,1,0,3,1,1,1,1
50,3,39930,3,20,,1,2,1,2,4,,1,3,1,0,1,
28,1,9982.5,1,12,3,2,2,3,2,6,2,1,4,1,1,1,1
51,1,3993,1,12,,2,2,3,2,3,,0,2,1,1,0,
54,2,39930,1,12,3,2,1,2,1,3,6,1,3,0,1,1,0
27,1,11797.5,1,13,,1,3,3,2,2,,1,3,1,0,1,
55,1,15427.5,0,11,2,1,3,3,2,8,7,0,1,1,1,0,0
57,1,17242.5,1,12,,2,2,3,2,8,,0,3,1,1,1,
27,2,19965,1,14,1,1,2,3,2,4,3,1,3,1,0,1,1
35,3,59895,2,14,,2,2,3,1,0,,1,4,0,0,1,
27,1,32670,0,8,4,1,3,3,2,2,1,0,1,1,0,0,1
48,2,23595,1,14,,2,3,3,1,1,,0,3,0,0,1,
34,2,27225,2,17,,2,3,3,2,2,,1,2,1,0,0,
36,2,39930,2,14,2,1,2,3,2,5,2,1,3,1,1,1,2
29,2,27225,1,12,,1,2,2,2,5,,0,3,1,1,1,
67,3,49005,2,14,2,1,2,2,1,2,5,0,3,0,1,1,1
33,2,49005,1,14,,1,1,3,2,2,,0,3,1,1,1,
50,2,59895,1,14,2,2,2,2,2,3,4,0,2,1,1,0,0
35,2,49005,1,13,1,1,2,3,1,7,3,1,3,0,1,1,1
28,2,39930,1,13,,1,2,2,1,5,,1,2,0,1,0,
62,3,32670,0,10,3,1,2,3,2,4,12,0,1,1,1,0,0
54,2,72600,3,17,1,1,1,1,1,7,2,1,2,0,0,0,0
77,3,72600,0,2,3,2,1,2,1,9,4,0,4,0,1,1,1
47,2,49005,1,12,,1,1,1,2,1,,1,3,1,0,1,
54,3,72600,3,15,1,1,1,1,2,2,3,1,3,1,0,1,6
58,2,59895,0,8,,2,2,2,1,4,,1,3,0,1,1,
60,3,59895,1,14,,1,2,2,2,2,,1,2,1,1,0,
27,3,72600,1,17,,2,1,1,2,6,,1,4,1,1,1,
81,2,17242.5,1,12,2,2,2,1,1,6,4,0,3,0,1,1,0
33,2,32670,1,12,,2,2,3,1,1,,0,3,0,1,1,
89,3,32670,0,11,2,1,1,2,2,5,3,0,3,1,0,1,0
57,1,23595,2,14,2,2,2,2,2,5,4,0,1,1,0,0,1
86,3,8167.5,0,11,2,1,2,2,2,10,6,0,3,1,0,1,1
58,2,,1,12,2,2,2,1,1,2,2,1,3,0,0,1,0
70,3,32670,1,12,,2,2,1,2,3,,0,3,1,1,1,
53,4,87120,4,20,,1,1,1,2,1,,1,3,1,1,1,
47,2,32670,3,16,3,2,1,3,1,4,1,1,3,0,1,1,0
55,3,116160,2,14,,2,1,1,1,5,,1,4,0,1,1,
21,2,59895,2,15,3,2,1,1,1,2,4,0,4,0,0,1,1
45,3,27225,0,6,,1,2,2,1,0,,1,3,0,1,1,
51,3,87120,2,14,2,2,1,3,1,8,2,1,3,0,1,1,1
41,3,59895,1,14,,2,1,2,1,2,,1,3,0,1,1,
78,3,,1,12,,2,2,2,2,3,,0,3,1,1,1,
43,3,163843.847,2,15,,1,1,2,1,3,,1,4,0,1,1,
25,2,27225,4,15,1,1,1,2,2,3,1,1,3,1,0,1,0
25,2,23595,1,14,,2,2,3,1,7,,1,3,0,0,1,
46,2,72600,4,18,,1,2,2,2,2,,1,3,1,1,1,
36,2,15427.5,1,13,2,2,2,3,2,2,2,0,3,1,0,1,1
54,1,11797.5,1,13,2,1,1,2,1,1,6,0,2,0,0,0,0
69,3,32670,1,13,2,2,2,2,1,5,8,0,2,0,1,0,0
43,3,49005,4,18,,1,2,2,2,4,,1,4,1,1,1,
89,3,11797.5,0,7,2,1,1,1,1,6,4,0,2,0,0,0,0
35,1,1452,0,10,2,2,2,3,2,4,1,0,3,1,1,1,0
58,2,,1,14,,2,1,3,1,3,,1,3,0,0,1,
22,3,4719,1,9,1,2,3,2,2,7,6,0,2,1,0,0,0
57,2,13612.5,1,14,2,2,3,3,1,3,4,0,2,0,0,0,1
28,2,15427.5,1,9,2,1,2,3,2,6,8,0,3,1,0,1,1
33,2,23595,1,14,,2,2,2,2,2,,1,2,1,0,0,
37,2,17242.5,1,14,2,1,2,1,2,3,4,1,2,1,0,0,2
35,2,39930,1,14,,1,3,3,1,10,,0,4,0,1,1,
41,2,32670,1,12,3,1,2,1,1,5,1,1,2,0,0,0,1
57,2,27225,1,12,,1,1,2,1,5,,1,4,0,0,1,
52,2,39930,1,13,,1,2,2,1,1,,0,3,0,0,1,
27,2,32670,1,12,,1,2,2,2,8,,1,3,1,1,1,
59,2,23595,4,17,2,1,1,1,2,4,2,0,2,1,0,0,0
30,2,59895,2,20,,2,2,2,2,3,,0,3,1,1,1,
23,1,8167.5,1,12,3,2,3,3,1,3,4,0,1,0,0,0,0
59,3,32670,1,14,,1,2,3,2,3,,0,3,1,0,1,
61,2,59895,1,12,,2,1,2,1,7,,1,1,0,0,0,
58,3,39930,3,16,3,2,1,1,1,4,5,0,4,0,0,1,0
44,3,,1,12,,1,1,3,2,3,,0,1,1,0,0,
72,3,72600,4,19,,1,1,1,1,9,,0,4,0,1,1,
70,1,23595,4,20,,2,2,3,2,3,,0,2,1,1,0,
23,2,6534,1,13,2,1,2,2,1,5,0,0,4,0,0,1,1
65,3,59895,3,16,,1,2,1,1,3,,1,4,0,1,1,
29,2,27225,1,12,,1,2,2,1,0,,0,2,0,0,0,
61,1,,1,12,1,2,2,3,2,1,5,0,3,1,0,1,0
29,2,13612.5,1,10,1,2,2,3,2,0,0,1,3,1,0,1,0
54,3,15427.5,2,14,,1,3,3,2,3,,0,2,1,0,0,
62,3,32670,3,16,1,2,1,2,2,5,4,0,4,1,1,1,4
29,2,19965,1,12,,2,2,2,1,2,,1,4,0,0,1,
37,2,59895,1,12,2,2,2,2,1,1,4,1,3,0,1,1,1
30,3,49005,2,14,2,2,1,1,2,1,2,0,4,1,0,1,0
30,3,59895,4,18,3,1,2,1,1,2,0,1,3,0,0,1,0
75,3,163843.847,0,9,,1,1,1,2,3,,0,3,1,1,1,
45,2,23595,4,18,3,1,2,3,2,3,0,0,3,1,0,1,1
54,2,27225,3,20,,2,2,2,2,4,,1,3,1,0,1,
62,2,59895,4,17,3,1,1,1,1,3,2,0,3,0,1,1,0
27,2,59895,3,16,,1,2,2,1,0,,1,4,0,1,1,
22,2,15427.5,1,12,,2,2,1,1,2,,0,3,0,0,1,
46,2,49005,1,14,2,2,2,2,1,3,2,1,3,0,0,1,3
37,2,19965,1,12,,1,2,3,2,1,,1,2,1,1,0,
52,2,13612.5,0,9,,2,3,1,2,6,,0,3,1,0,1,
41,2,13612.5,1,11,,,3,3,2,4,,1,1,1,0,0,
31,3,49005,2,14,2,2,1,2,2,1,4,0,4,1,1,1,2
60,2,39930,1,12,2,1,2,2,1,4,1,1,4,0,1,1,1
73,,,1,12,,2,1,2,1,2,,0,2,0,1,0,
36,2,19965,1,12,1,1,2,2,2,7,4,1,3,1,0,1,1
82,2,27225,1,12,,2,1,1,2,5,,0,2,1,1,0,
61,3,32670,3,18,1,1,2,1,2,1,3,0,2,1,1,0,5
58,2,39930,1,13,,2,2,2,1,2,,1,2,0,1,0,
83,3,32670,0,10,,1,3,1,2,5,,0,2,1,0,0,
66,2,15427.5,1,12,2,1,2,3,2,2,4,1,3,1,0,1,1
77,1,17242.5,1,12,1,1,2,2,2,2,4,0,3,1,0,1,1
57,1,6534,1,13,,2,3,3,2,13,,0,1,1,0,0,
48,2,6534,0,10,3,1,1,3,2,1,1,0,3,1,0,1,1
51,2,87120,4,20,2,1,2,2,2,4,1,0,3,1,1,1,0
42,2,72600,1,12,,2,1,2,1,1,,1,4,0,1,1,
49,2,72600,3,20,,2,1,3,1,3,,1,3,0,1,1,
70,3,2541,0,11,4,1,2,2,2,17,1,0,2,1,0,0,0
42,3,72600,4,19,,2,2,2,2,3,,1,4,1,1,1,
25,2,49005,1,12,,2,2,2,1,1,,1,3,0,0,1,
24,2,23595,3,16,2,1,1,2,1,2,3,1,2,0,0,0,1
82,1,19965,0,8,2,2,2,1,2,3,6,0,3,1,0,1,0
52,2,,1,12,2,1,1,1,2,2,0,1,3,1,1,1,3
60,2,9982.5,0,10,,2,3,3,1,5,,0,1,0,0,0,
34,2,39930,1,13,2,1,1,1,2,3,2,1,3,1,1,1,1
31,2,19965,1,12,2,2,2,3,1,1,2,1,3,0,0,1,2
78,3,49005,0,10,2,1,2,2,1,10,4,0,3,0,1,1,0
59,2,39930,1,12,,2,2,1,2,4,,1,3,1,1,1,
57,3,87120,1,12,2,2,2,2,1,9,3,1,3,0,1,1,0
55,2,32670,3,16,,2,2,2,2,4,,1,3,1,0,1,
37,3,72600,3,16,3,2,2,1,1,1,1,1,3,0,1,1,1
71,4,72600,4,18,,1,2,1,1,3,,0,3,0,1,1,
78,3,23595,4,18,2,1,2,1,2,1,2,0,3,1,0,1,0
40,2,13612.5,1,16,,2,2,1,1,3,,1,2,0,0,0,
22,2,32670,1,16,,2,1,2,1,6,,0,2,0,0,0,
83,2,8167.5,0,10,2,1,2,2,2,0,6,0,3,1,0,1,0
69,1,13612.5,1,14,,1,3,2,2,3,,0,2,1,0,0,
46,1,6534,0,7,2,1,2,3,1,1,10,0,2,0,0,0,0
34,2,59895,3,16,2,2,2,2,2,1,1,1,2,1,1,0,3
25,2,9982.5,3,17,1,1,3,3,2,3,1,1,2,1,0,0,1
43,2,59895,3,16,,1,2,2,1,1,,1,3,0,1,1,
61,2,49005,3,16,,1,2,2,2,3,,1,3,1,0,1,
53,2,19965,1,12,,1,2,2,2,8,,0,3,1,0,1,
31,2,27225,1,13,2,1,2,3,1,10,2,1,3,0,1,1,2
31,3,39930,3,17,,2,1,1,1,2,,1,3,0,1,1,
34,2,49005,3,20,1,2,2,2,2,1,2,1,2,1,1,0,9
32,3,59895,3,18,,1,1,1,2,2,,1,4,1,1,1,
39,2,49005,2,18,2,1,3,3,2,3,1,0,4,1,1,1,0
49,2,59895,3,20,,1,2,2,2,3,,1,2,1,1,0,
34,2,19965,1,10,,1,2,3,1,5,,0,2,0,0,0,
57,3,27225,3,16,1,1,2,2,2,2,1,1,4,1,0,1,0
83,2,1452,1,12,,2,3,2,1,1,,0,2,0,1,0,
77,2,17242.5,1,12,,1,3,1,1,3,,0,2,0,0,0,
29,2,59895,4,18,1,1,2,2,1,3,0,1,4,0,0,1,0
63,1,8167.5,1,13,,1,3,3,2,4,,0,3,1,0,1,
38,3,49005,1,15,,1,2,2,2,1,,0,2,1,1,0,
53,3,72600,3,16,2,2,2,1,1,7,1,1,3,0,0,1,0
43,1,8167.5,1,9,3,2,2,3,2,1,4,0,2,1,0,0,0
48,2,39930,1,12,,2,1,1,1,12,,1,4,0,1,1,
32,2,27225,2,15,1,1,2,1,2,2,1,1,3,1,0,1,0
56,2,32670,1,12,,2,3,3,1,5,,1,2,0,0,0,
69,2,11797.5,1,12,,2,2,3,1,3,,0,3,0,0,1,
43,2,32670,4,18,1,2,1,3,2,1,6,1,1,1,0,0,1
54,2,72600,1,12,,1,1,3,2,5,,0,2,1,1,0,
79,2,8167.5,1,12,,1,3,3,2,12,,0,3,1,0,1,
71,3,32670,1,13,1,2,2,2,2,1,4,0,4,1,1,1,0
23,2,5445,0,10,,1,2,2,1,0,,1,3,0,0,1,
60,1,15427.5,0,10,1,2,2,3,2,4,5,0,2,1,1,0,0
72,2,17242.5,1,12,3,2,3,2,1,2,3,0,3,0,0,1,0
60,2,87120,1,9,,2,1,1,2,4,,0,4,1,1,1,
62,,,0,9,2,1,1,2,1,8,1,0,2,0,0,0,0
50,2,39930,1,12,,1,1,1,1,1,,1,4,0,0,1,
61,3,72600,1,12,2,1,1,2,1,2,2,1,3,0,1,1,1
26,2,11797.5,1,13,3,2,1,2,1,2,0,1,1,0,0,0,1
33,3,32670,0,8,,2,3,2,2,7,,0,3,1,0,1,
87,3,,1,15,3,1,2,1,2,8,2,0,3,1,0,1,1
39,2,27225,1,12,3,2,3,3,1,2,3,1,2,0,1,0,1
24,2,49005,1,12,2,1,1,3,2,5,1,1,3,1,0,1,0
42,2,5445,0,9,1,2,2,1,2,5,2,0,3,1,1,1,0
43,2,1452,1,11,,1,2,2,2,8,,0,2,1,0,0,
38,2,39930,1,12,,1,2,3,1,5,,1,3,0,1,1,
25,2,23595,1,12,2,1,1,1,2,3,2,0,4,1,0,1,1
40,2,363,1,12,,1,1,1,2,9,,0,3,1,0,1,
59,2,72600,1,12,,1,1,1,2,17,,1,4,1,1,1,
52,2,49005,4,19,2,2,1,2,2,3,4,1,2,1,0,0,1
67,2,,0,11,,,2,2,2,11,,0,3,1,1,1,
39,1,9982.5,1,13,,2,2,3,2,2,,1,1,1,0,0,
67,3,13612.5,1,12,,1,2,1,1,1,,0,3,0,0,1,
30,2,5445,1,12,3,1,2,3,1,5,3,1,3,0,1,1,1
69,3,23595,1,12,,1,1,1,2,1,,0,4,1,1,1,
52,1,8167.5,0,11,1,1,1,2,2,6,4,0,2,1,0,0,0
31,2,23595,1,12,,1,3,2,2,1,,1,3,1,1,1,
43,2,23595,0,10,1,2,3,3,2,5,6,1,2,1,0,0,0
55,2,6534,0,11,,2,1,2,2,9,,0,2,1,0,0,
55,2,39930,0,11,2,1,3,2,2,5,4,0,2,1,0,0,0
29,3,363,1,12,,1,3,3,1,2,,0,4,0,0,1,
31,2,19965,1,12,3,,2,2,2,5,1,0,2,1,1,0,0
34,2,49005,0,10,1,1,2,2,2,1,1,0,3,1,1,1,0
79,3,49005,1,16,2,1,1,1,1,3,3,0,2,0,1,0,1
23,2,15427.5,1,12,,1,2,2,2,7,,1,3,1,0,1,
69,3,49005,1,14,3,1,1,2,1,3,4,0,3,0,1,1,0
59,2,39930,1,12,1,2,2,2,2,2,2,0,2,1,1,0,0
74,3,32670,1,12,2,1,2,2,2,7,6,0,3,1,1,1,1
54,1,363,1,12,,2,3,3,2,6,,0,1,1,0,0,
61,2,4719,1,13,2,2,3,3,2,12,24,0,2,1,0,0,0
56,2,1452,0,8,,1,3,3,1,8,,1,3,0,0,1,
58,2,17242.5,1,12,,2,2,2,2,6,,0,3,1,0,1,
40,2,59895,1,12,,1,2,2,1,0,,1,2,0,0,0,
63,,15427.5,2,16,2,1,1,1,2,10,3,0,3,1,0,1,0
82,3,,1,12,,1,2,3,2,8,,0,2,1,1,0,
46,3,87120,3,16,1,1,2,2,1,3,1,1,2,0,0,0,1
55,2,59895,1,13,,2,2,1,1,4,,1,3,0,0,1,
57,3,,2,15,,1,1,1,2,2,,0,3,1,0,1,
78,3,,1,9,,,3,1,2,1,,0,4,1,0,1,
81,2,5445,0,10,2,1,1,2,2,5,1,0,2,1,0,0,0
18,2,,1,12,,1,3,2,2,12,,0,3,1,0,1,
71,2,,1,12,2,1,1,2,2,9,8,0,1,1,0,0,0
64,3,87120,1,12,3,1,1,1,2,8,2,0,4,1,1,1,0
55,2,,3,20,1,1,2,2,2,3,2,1,3,1,0,1,0
85,2,13612.5,1,12,,2,2,2,2,4,,0,2,1,0,0,
35,2,23595,1,12,3,2,3,3,2,8,0,1,3,1,0,1,1
27,2,59895,4,18,,2,1,2,2,3,,1,4,1,1,1,
78,3,49005,4,18,1,1,1,1,2,3,2,0,3,1,0,1,0
44,2,,2,14,,1,1,3,2,2,,1,4,1,0,1,
60,3,101640,3,16,1,1,1,1,1,3,1,1,4,0,1,1,1
47,2,101640,1,11,,2,2,2,1,2,,1,3,0,1,1,
66,2,32670,4,18,,2,2,3,2,5,,1,4,1,0,1,
38,2,59895,1,14,,1,2,2,1,2,,1,3,0,1,1,
24,2,15427.5,1,14,1,1,2,2,2,2,3,1,3,1,0,1,0
49,2,39930,1,12,,2,1,1,2,2,,0,3,1,1,1,
58,2,49005,1,14,1,1,1,2,2,3,2,1,3,1,1,1,0
62,3,59895,3,17,,1,2,2,2,3,,0,4,1,0,1,
34,2,49005,1,12,,1,1,2,2,2,,1,3,1,1,1,
56,3,72600,2,14,2,1,2,2,1,1,1,1,3,0,1,1,0
40,2,72600,0,12,,2,2,2,1,2,,1,3,0,1,1,
40,2,39930,3,16,2,2,2,2,1,2,1,1,3,0,1,1,0
68,3,59895,0,11,,2,2,1,1,5,,0,2,0,1,0,
35,2,59895,2,15,1,2,2,3,2,1,4,1,2,1,0,0,0
68,3,39930,1,13,2,1,2,2,2,1,1,0,3,1,1,1,1
75,1,8167.5,1,12,,2,1,3,2,2,,0,3,1,0,1,
77,3,27225,1,15,2,2,2,3,1,1,1,1,3,0,0,1,0
55,2,19965,1,14,1,1,1,2,2,7,3,1,3,1,1,1,0
72,3,59895,3,16,,2,2,2,1,2,,0,3,0,1,1,
